,ssp,period,quantile,count,variable
770,ssp119,2021-2031,0,82196,CDH
790,ssp119,2021-2031,3.45865885655883E-05,136,CDH
771,ssp119,2021-2031,0.286584472656273,317,CDH
781,ssp119,2021-2031,0.582147216796898,281,CDH
779,ssp119,2021-2031,0.883386230468773,293,CDH
774,ssp119,2021-2031,1.19264119466148,301,CDH
780,ssp119,2021-2031,1.51648864746096,284,CDH
782,ssp119,2021-2031,1.84905395507815,280,CDH
776,ssp119,2021-2031,2.20259246826174,297,CDH
785,ssp119,2021-2031,2.56795654296877,260,CDH
777,ssp119,2021-2031,2.96079915364586,296,CDH
787,ssp119,2021-2031,3.36797485351565,252,CDH
784,ssp119,2021-2031,3.79624837239586,267,CDH
783,ssp119,2021-2031,4.26107177734377,272,CDH
786,ssp119,2021-2031,4.77202504475914,254,CDH
773,ssp119,2021-2031,5.33524475097659,302,CDH
775,ssp119,2021-2031,5.96098480224612,299,CDH
778,ssp119,2021-2031,6.67320149739586,294,CDH
772,ssp119,2021-2031,7.51457366943362,303,CDH
788,ssp119,2021-2031,8.55979309082034,248,CDH
789,ssp119,2021-2031,10.1126876831055,216,CDH
791,ssp119,2021-2031,20.3302551269531,0,CDH
0,ssp119,2021-2031,0,41312,HDH
20,ssp119,2021-2031,2.64485676861881E-05,1096,HDH
12,ssp119,2021-2031,0.621908569335915,2240,HDH
17,ssp119,2021-2031,1.23366902669269,2140,HDH
16,ssp119,2021-2031,1.83515014648435,2172,HDH
14,ssp119,2021-2031,2.43077189127602,2190,HDH
18,ssp119,2021-2031,3.0313781738281,2108,HDH
13,ssp119,2021-2031,3.63480224609373,2231,HDH
11,ssp119,2021-2031,4.2382873535156,2272,HDH
7,ssp119,2021-2031,4.8474182128906,2342,HDH
19,ssp119,2021-2031,5.46485493977862,2053,HDH
15,ssp119,2021-2031,6.0920471191406,2173,HDH
10,ssp119,2021-2031,6.7457336425781,2296,HDH
8,ssp119,2021-2031,7.42415974934894,2329,HDH
9,ssp119,2021-2031,8.12185770670571,2306,HDH
5,ssp119,2021-2031,8.81697184244789,2366,HDH
6,ssp119,2021-2031,9.54146423339842,2346,HDH
4,ssp119,2021-2031,10.3686075846354,2512,HDH
2,ssp119,2021-2031,11.3660491943359,2656,HDH
3,ssp119,2021-2031,12.7873392740885,2557,HDH
1,ssp119,2021-2031,14.9491383870442,3906,HDH
21,ssp119,2021-2031,31.8296569824219,45,HDH
792,ssp119,2031-2041,0,81599,CDH
812,ssp119,2031-2041,3.45865885655883E-05,181,CDH
797,ssp119,2031-2041,0.286584472656273,337,CDH
795,ssp119,2031-2041,0.582147216796898,345,CDH
800,ssp119,2031-2041,0.883386230468773,318,CDH
799,ssp119,2031-2041,1.19264119466148,320,CDH
805,ssp119,2031-2041,1.51648864746096,292,CDH
794,ssp119,2031-2041,1.84905395507815,348,CDH
806,ssp119,2031-2041,2.20259246826174,287,CDH
801,ssp119,2031-2041,2.56795654296877,316,CDH
804,ssp119,2031-2041,2.96079915364586,299,CDH
798,ssp119,2031-2041,3.36797485351565,327,CDH
803,ssp119,2031-2041,3.79624837239586,309,CDH
796,ssp119,2031-2041,4.26107177734377,344,CDH
802,ssp119,2031-2041,4.77202504475914,312,CDH
807,ssp119,2031-2041,5.33524475097659,273,CDH
808,ssp119,2031-2041,5.96098480224612,272,CDH
810,ssp119,2031-2041,6.67320149739586,256,CDH
809,ssp119,2031-2041,7.51457366943362,265,CDH
811,ssp119,2031-2041,8.55979309082034,242,CDH
793,ssp119,2031-2041,10.1126876831055,426,CDH
813,ssp119,2031-2041,20.3302551269531,4,CDH
22,ssp119,2031-2041,0,42546,HDH
42,ssp119,2031-2041,2.64485676861881E-05,1074,HDH
40,ssp119,2031-2041,0.621908569335915,2069,HDH
41,ssp119,2031-2041,1.23366902669269,2023,HDH
37,ssp119,2031-2041,1.83515014648435,2143,HDH
38,ssp119,2031-2041,2.43077189127602,2117,HDH
36,ssp119,2031-2041,3.0313781738281,2154,HDH
39,ssp119,2031-2041,3.63480224609373,2117,HDH
33,ssp119,2031-2041,4.2382873535156,2285,HDH
31,ssp119,2031-2041,4.8474182128906,2318,HDH
34,ssp119,2031-2041,5.46485493977862,2281,HDH
35,ssp119,2031-2041,6.0920471191406,2257,HDH
28,ssp119,2031-2041,6.7457336425781,2370,HDH
27,ssp119,2031-2041,7.42415974934894,2384,HDH
32,ssp119,2031-2041,8.12185770670571,2291,HDH
25,ssp119,2031-2041,8.81697184244789,2432,HDH
26,ssp119,2031-2041,9.54146423339842,2393,HDH
24,ssp119,2031-2041,10.3686075846354,2518,HDH
29,ssp119,2031-2041,11.3660491943359,2367,HDH
30,ssp119,2031-2041,12.7873392740885,2367,HDH
23,ssp119,2031-2041,14.9491383870442,3147,HDH
43,ssp119,2031-2041,31.8296569824219,19,HDH
814,ssp119,2041-2051,0,82115,CDH
834,ssp119,2041-2051,3.45865885655883E-05,131,CDH
830,ssp119,2041-2051,0.286584472656273,267,CDH
828,ssp119,2041-2051,0.582147216796898,272,CDH
831,ssp119,2041-2051,0.883386230468773,257,CDH
821,ssp119,2041-2051,1.19264119466148,299,CDH
826,ssp119,2041-2051,1.51648864746096,282,CDH
825,ssp119,2041-2051,1.84905395507815,283,CDH
824,ssp119,2041-2051,2.20259246826174,286,CDH
819,ssp119,2041-2051,2.56795654296877,308,CDH
816,ssp119,2041-2051,2.96079915364586,317,CDH
820,ssp119,2041-2051,3.36797485351565,307,CDH
817,ssp119,2041-2051,3.79624837239586,315,CDH
823,ssp119,2041-2051,4.26107177734377,295,CDH
818,ssp119,2041-2051,4.77202504475914,313,CDH
815,ssp119,2041-2051,5.33524475097659,326,CDH
822,ssp119,2041-2051,5.96098480224612,296,CDH
829,ssp119,2041-2051,6.67320149739586,269,CDH
827,ssp119,2041-2051,7.51457366943362,273,CDH
832,ssp119,2041-2051,8.55979309082034,248,CDH
833,ssp119,2041-2051,10.1126876831055,189,CDH
835,ssp119,2041-2051,20.3302551269531,0,CDH
44,ssp119,2041-2051,0,40681,HDH
64,ssp119,2041-2051,2.64485676861881E-05,1046,HDH
62,ssp119,2041-2051,0.621908569335915,2156,HDH
59,ssp119,2041-2051,1.23366902669269,2228,HDH
57,ssp119,2041-2051,1.83515014648435,2267,HDH
63,ssp119,2041-2051,2.43077189127602,2076,HDH
61,ssp119,2041-2051,3.0313781738281,2207,HDH
60,ssp119,2041-2051,3.63480224609373,2213,HDH
56,ssp119,2041-2051,4.2382873535156,2281,HDH
55,ssp119,2041-2051,4.8474182128906,2338,HDH
53,ssp119,2041-2051,5.46485493977862,2403,HDH
52,ssp119,2041-2051,6.0920471191406,2407,HDH
58,ssp119,2041-2051,6.7457336425781,2229,HDH
54,ssp119,2041-2051,7.42415974934894,2357,HDH
51,ssp119,2041-2051,8.12185770670571,2433,HDH
47,ssp119,2041-2051,8.81697184244789,2575,HDH
48,ssp119,2041-2051,9.54146423339842,2476,HDH
50,ssp119,2041-2051,10.3686075846354,2453,HDH
46,ssp119,2041-2051,11.3660491943359,2843,HDH
49,ssp119,2041-2051,12.7873392740885,2457,HDH
45,ssp119,2041-2051,14.9491383870442,3502,HDH
65,ssp119,2041-2051,31.8296569824219,20,HDH
836,ssp119,2051-2061,0,82074,CDH
856,ssp119,2051-2061,3.45865885655883E-05,153,CDH
840,ssp119,2051-2061,0.286584472656273,316,CDH
837,ssp119,2051-2061,0.582147216796898,331,CDH
839,ssp119,2051-2061,0.883386230468773,318,CDH
838,ssp119,2051-2061,1.19264119466148,329,CDH
842,ssp119,2051-2061,1.51648864746096,303,CDH
846,ssp119,2051-2061,1.84905395507815,283,CDH
841,ssp119,2051-2061,2.20259246826174,304,CDH
851,ssp119,2051-2061,2.56795654296877,266,CDH
849,ssp119,2051-2061,2.96079915364586,272,CDH
854,ssp119,2051-2061,3.36797485351565,258,CDH
843,ssp119,2051-2061,3.79624837239586,303,CDH
844,ssp119,2051-2061,4.26107177734377,301,CDH
847,ssp119,2051-2061,4.77202504475914,283,CDH
848,ssp119,2051-2061,5.33524475097659,273,CDH
850,ssp119,2051-2061,5.96098480224612,272,CDH
853,ssp119,2051-2061,6.67320149739586,260,CDH
852,ssp119,2051-2061,7.51457366943362,261,CDH
855,ssp119,2051-2061,8.55979309082034,221,CDH
845,ssp119,2051-2061,10.1126876831055,291,CDH
857,ssp119,2051-2061,20.3302551269531,0,CDH
66,ssp119,2051-2061,0,41668,HDH
86,ssp119,2051-2061,2.64485676861881E-05,1001,HDH
81,ssp119,2051-2061,0.621908569335915,2096,HDH
79,ssp119,2051-2061,1.23366902669269,2174,HDH
76,ssp119,2051-2061,1.83515014648435,2215,HDH
82,ssp119,2051-2061,2.43077189127602,2077,HDH
85,ssp119,2051-2061,3.0313781738281,2044,HDH
83,ssp119,2051-2061,3.63480224609373,2073,HDH
84,ssp119,2051-2061,4.2382873535156,2059,HDH
80,ssp119,2051-2061,4.8474182128906,2105,HDH
78,ssp119,2051-2061,5.46485493977862,2181,HDH
77,ssp119,2051-2061,6.0920471191406,2192,HDH
75,ssp119,2051-2061,6.7457336425781,2275,HDH
74,ssp119,2051-2061,7.42415974934894,2334,HDH
73,ssp119,2051-2061,8.12185770670571,2386,HDH
68,ssp119,2051-2061,8.81697184244789,2678,HDH
69,ssp119,2051-2061,9.54146423339842,2540,HDH
72,ssp119,2051-2061,10.3686075846354,2446,HDH
71,ssp119,2051-2061,11.3660491943359,2515,HDH
70,ssp119,2051-2061,12.7873392740885,2536,HDH
67,ssp119,2051-2061,14.9491383870442,4006,HDH
87,ssp119,2051-2061,31.8296569824219,71,HDH
858,ssp119,2061-2071,0,81921,CDH
878,ssp119,2061-2071,3.45865885655883E-05,189,CDH
868,ssp119,2061-2071,0.286584472656273,294,CDH
862,ssp119,2061-2071,0.582147216796898,309,CDH
861,ssp119,2061-2071,0.883386230468773,316,CDH
859,ssp119,2061-2071,1.19264119466148,322,CDH
866,ssp119,2061-2071,1.51648864746096,299,CDH
865,ssp119,2061-2071,1.84905395507815,300,CDH
872,ssp119,2061-2071,2.20259246826174,283,CDH
864,ssp119,2061-2071,2.56795654296877,303,CDH
869,ssp119,2061-2071,2.96079915364586,292,CDH
867,ssp119,2061-2071,3.36797485351565,298,CDH
870,ssp119,2061-2071,3.79624837239586,287,CDH
876,ssp119,2061-2071,4.26107177734377,258,CDH
877,ssp119,2061-2071,4.77202504475914,256,CDH
875,ssp119,2061-2071,5.33524475097659,267,CDH
871,ssp119,2061-2071,5.96098480224612,284,CDH
874,ssp119,2061-2071,6.67320149739586,272,CDH
873,ssp119,2061-2071,7.51457366943362,276,CDH
863,ssp119,2061-2071,8.55979309082034,304,CDH
860,ssp119,2061-2071,10.1126876831055,318,CDH
879,ssp119,2061-2071,20.3302551269531,0,CDH
88,ssp119,2061-2071,0,42567,HDH
108,ssp119,2061-2071,2.64485676861881E-05,1041,HDH
102,ssp119,2061-2071,0.621908569335915,2129,HDH
104,ssp119,2061-2071,1.23366902669269,2058,HDH
107,ssp119,2061-2071,1.83515014648435,1885,HDH
105,ssp119,2061-2071,2.43077189127602,1996,HDH
106,ssp119,2061-2071,3.0313781738281,1990,HDH
103,ssp119,2061-2071,3.63480224609373,2107,HDH
101,ssp119,2061-2071,4.2382873535156,2149,HDH
99,ssp119,2061-2071,4.8474182128906,2192,HDH
100,ssp119,2061-2071,5.46485493977862,2178,HDH
96,ssp119,2061-2071,6.0920471191406,2249,HDH
97,ssp119,2061-2071,6.7457336425781,2242,HDH
98,ssp119,2061-2071,7.42415974934894,2234,HDH
95,ssp119,2061-2071,8.12185770670571,2357,HDH
93,ssp119,2061-2071,8.81697184244789,2423,HDH
94,ssp119,2061-2071,9.54146423339842,2361,HDH
91,ssp119,2061-2071,10.3686075846354,2478,HDH
92,ssp119,2061-2071,11.3660491943359,2442,HDH
90,ssp119,2061-2071,12.7873392740885,2511,HDH
89,ssp119,2061-2071,14.9491383870442,3931,HDH
109,ssp119,2061-2071,31.8296569824219,128,HDH
880,ssp119,2071-2081,0,82262,CDH
900,ssp119,2071-2081,3.45865885655883E-05,148,CDH
885,ssp119,2071-2081,0.286584472656273,298,CDH
881,ssp119,2071-2081,0.582147216796898,324,CDH
883,ssp119,2071-2081,0.883386230468773,309,CDH
884,ssp119,2071-2081,1.19264119466148,299,CDH
892,ssp119,2071-2081,1.51648864746096,278,CDH
889,ssp119,2071-2081,1.84905395507815,282,CDH
893,ssp119,2071-2081,2.20259246826174,271,CDH
894,ssp119,2071-2081,2.56795654296877,268,CDH
890,ssp119,2071-2081,2.96079915364586,280,CDH
896,ssp119,2071-2081,3.36797485351565,260,CDH
895,ssp119,2071-2081,3.79624837239586,267,CDH
887,ssp119,2071-2081,4.26107177734377,288,CDH
888,ssp119,2071-2081,4.77202504475914,284,CDH
891,ssp119,2071-2081,5.33524475097659,280,CDH
882,ssp119,2071-2081,5.96098480224612,315,CDH
886,ssp119,2071-2081,6.67320149739586,289,CDH
897,ssp119,2071-2081,7.51457366943362,258,CDH
898,ssp119,2071-2081,8.55979309082034,236,CDH
899,ssp119,2071-2081,10.1126876831055,176,CDH
901,ssp119,2071-2081,20.3302551269531,0,CDH
110,ssp119,2071-2081,0,41636,HDH
130,ssp119,2071-2081,2.64485676861881E-05,1072,HDH
125,ssp119,2071-2081,0.621908569335915,2086,HDH
124,ssp119,2071-2081,1.23366902669269,2106,HDH
122,ssp119,2071-2081,1.83515014648435,2147,HDH
127,ssp119,2071-2081,2.43077189127602,2038,HDH
128,ssp119,2071-2081,3.0313781738281,1996,HDH
129,ssp119,2071-2081,3.63480224609373,1962,HDH
126,ssp119,2071-2081,4.2382873535156,2076,HDH
123,ssp119,2071-2081,4.8474182128906,2144,HDH
120,ssp119,2071-2081,5.46485493977862,2214,HDH
121,ssp119,2071-2081,6.0920471191406,2200,HDH
119,ssp119,2071-2081,6.7457336425781,2354,HDH
117,ssp119,2071-2081,7.42415974934894,2404,HDH
118,ssp119,2071-2081,8.12185770670571,2404,HDH
116,ssp119,2071-2081,8.81697184244789,2479,HDH
113,ssp119,2071-2081,9.54146423339842,2640,HDH
112,ssp119,2071-2081,10.3686075846354,2870,HDH
114,ssp119,2071-2081,11.3660491943359,2580,HDH
115,ssp119,2071-2081,12.7873392740885,2527,HDH
111,ssp119,2071-2081,14.9491383870442,3710,HDH
131,ssp119,2071-2081,31.8296569824219,27,HDH
902,ssp119,2081-2091,0,82512,CDH
922,ssp119,2081-2091,3.45865885655883E-05,153,CDH
904,ssp119,2081-2091,0.286584472656273,315,CDH
903,ssp119,2081-2091,0.582147216796898,332,CDH
907,ssp119,2081-2091,0.883386230468773,306,CDH
905,ssp119,2081-2091,1.19264119466148,311,CDH
910,ssp119,2081-2091,1.51648864746096,289,CDH
908,ssp119,2081-2091,1.84905395507815,300,CDH
906,ssp119,2081-2091,2.20259246826174,307,CDH
913,ssp119,2081-2091,2.56795654296877,244,CDH
909,ssp119,2081-2091,2.96079915364586,292,CDH
914,ssp119,2081-2091,3.36797485351565,244,CDH
915,ssp119,2081-2091,3.79624837239586,244,CDH
912,ssp119,2081-2091,4.26107177734377,253,CDH
919,ssp119,2081-2091,4.77202504475914,213,CDH
918,ssp119,2081-2091,5.33524475097659,230,CDH
917,ssp119,2081-2091,5.96098480224612,233,CDH
911,ssp119,2081-2091,6.67320149739586,276,CDH
916,ssp119,2081-2091,7.51457366943362,244,CDH
920,ssp119,2081-2091,8.55979309082034,187,CDH
921,ssp119,2081-2091,10.1126876831055,163,CDH
923,ssp119,2081-2091,20.3302551269531,0,CDH
132,ssp119,2081-2091,0,41515,HDH
152,ssp119,2081-2091,2.64485676861881E-05,1034,HDH
148,ssp119,2081-2091,0.621908569335915,2047,HDH
151,ssp119,2081-2091,1.23366902669269,1974,HDH
150,ssp119,2081-2091,1.83515014648435,2031,HDH
149,ssp119,2081-2091,2.43077189127602,2036,HDH
147,ssp119,2081-2091,3.0313781738281,2097,HDH
146,ssp119,2081-2091,3.63480224609373,2174,HDH
145,ssp119,2081-2091,4.2382873535156,2198,HDH
141,ssp119,2081-2091,4.8474182128906,2310,HDH
140,ssp119,2081-2091,5.46485493977862,2362,HDH
139,ssp119,2081-2091,6.0920471191406,2416,HDH
142,ssp119,2081-2091,6.7457336425781,2264,HDH
144,ssp119,2081-2091,7.42415974934894,2202,HDH
143,ssp119,2081-2091,8.12185770670571,2250,HDH
138,ssp119,2081-2091,8.81697184244789,2510,HDH
136,ssp119,2081-2091,9.54146423339842,2559,HDH
137,ssp119,2081-2091,10.3686075846354,2520,HDH
135,ssp119,2081-2091,11.3660491943359,2562,HDH
134,ssp119,2081-2091,12.7873392740885,2583,HDH
133,ssp119,2081-2091,14.9491383870442,3969,HDH
153,ssp119,2081-2091,31.8296569824219,35,HDH
924,ssp126,2021-2031,0,82659,CDH
944,ssp126,2021-2031,3.45865885655883E-05,176,CDH
928,ssp126,2021-2031,0.286584472656273,293,CDH
925,ssp126,2021-2031,0.582147216796898,327,CDH
926,ssp126,2021-2031,0.883386230468773,321,CDH
927,ssp126,2021-2031,1.19264119466148,300,CDH
930,ssp126,2021-2031,1.51648864746096,277,CDH
933,ssp126,2021-2031,1.84905395507815,264,CDH
931,ssp126,2021-2031,2.20259246826174,276,CDH
932,ssp126,2021-2031,2.56795654296877,276,CDH
929,ssp126,2021-2031,2.96079915364586,287,CDH
935,ssp126,2021-2031,3.36797485351565,242,CDH
934,ssp126,2021-2031,3.79624837239586,252,CDH
936,ssp126,2021-2031,4.26107177734377,226,CDH
937,ssp126,2021-2031,4.77202504475914,225,CDH
943,ssp126,2021-2031,5.33524475097659,191,CDH
941,ssp126,2021-2031,5.96098480224612,207,CDH
938,ssp126,2021-2031,6.67320149739586,220,CDH
939,ssp126,2021-2031,7.51457366943362,211,CDH
942,ssp126,2021-2031,8.55979309082034,207,CDH
940,ssp126,2021-2031,10.1126876831055,211,CDH
945,ssp126,2021-2031,20.3302551269531,0,CDH
154,ssp126,2021-2031,0,40728,HDH
174,ssp126,2021-2031,2.64485676861881E-05,1094,HDH
171,ssp126,2021-2031,0.621908569335915,2101,HDH
173,ssp126,2021-2031,1.23366902669269,2066,HDH
164,ssp126,2021-2031,1.83515014648435,2260,HDH
163,ssp126,2021-2031,2.43077189127602,2294,HDH
169,ssp126,2021-2031,3.0313781738281,2181,HDH
167,ssp126,2021-2031,3.63480224609373,2192,HDH
172,ssp126,2021-2031,4.2382873535156,2097,HDH
170,ssp126,2021-2031,4.8474182128906,2147,HDH
165,ssp126,2021-2031,5.46485493977862,2229,HDH
166,ssp126,2021-2031,6.0920471191406,2225,HDH
168,ssp126,2021-2031,6.7457336425781,2188,HDH
162,ssp126,2021-2031,7.42415974934894,2313,HDH
159,ssp126,2021-2031,8.12185770670571,2430,HDH
157,ssp126,2021-2031,8.81697184244789,2595,HDH
158,ssp126,2021-2031,9.54146423339842,2551,HDH
160,ssp126,2021-2031,10.3686075846354,2416,HDH
161,ssp126,2021-2031,11.3660491943359,2341,HDH
156,ssp126,2021-2031,12.7873392740885,2683,HDH
155,ssp126,2021-2031,14.9491383870442,4455,HDH
175,ssp126,2021-2031,31.8296569824219,62,HDH
946,ssp126,2031-2041,0,81224,CDH
966,ssp126,2031-2041,3.45865885655883E-05,160,CDH
960,ssp126,2031-2041,0.286584472656273,314,CDH
957,ssp126,2031-2041,0.582147216796898,329,CDH
964,ssp126,2031-2041,0.883386230468773,299,CDH
949,ssp126,2031-2041,1.19264119466148,353,CDH
962,ssp126,2031-2041,1.51648864746096,309,CDH
950,ssp126,2031-2041,1.84905395507815,353,CDH
954,ssp126,2031-2041,2.20259246826174,341,CDH
959,ssp126,2031-2041,2.56795654296877,322,CDH
956,ssp126,2031-2041,2.96079915364586,333,CDH
951,ssp126,2031-2041,3.36797485351565,352,CDH
955,ssp126,2031-2041,3.79624837239586,336,CDH
952,ssp126,2031-2041,4.26107177734377,352,CDH
948,ssp126,2031-2041,4.77202504475914,358,CDH
961,ssp126,2031-2041,5.33524475097659,310,CDH
953,ssp126,2031-2041,5.96098480224612,344,CDH
947,ssp126,2031-2041,6.67320149739586,376,CDH
958,ssp126,2031-2041,7.51457366943362,326,CDH
965,ssp126,2031-2041,8.55979309082034,278,CDH
963,ssp126,2031-2041,10.1126876831055,303,CDH
967,ssp126,2031-2041,20.3302551269531,0,CDH
176,ssp126,2031-2041,0,42014,HDH
196,ssp126,2031-2041,2.64485676861881E-05,971,HDH
191,ssp126,2031-2041,0.621908569335915,2102,HDH
183,ssp126,2031-2041,1.23366902669269,2263,HDH
184,ssp126,2031-2041,1.83515014648435,2240,HDH
186,ssp126,2031-2041,2.43077189127602,2163,HDH
192,ssp126,2031-2041,3.0313781738281,2095,HDH
193,ssp126,2031-2041,3.63480224609373,2094,HDH
185,ssp126,2031-2041,4.2382873535156,2183,HDH
187,ssp126,2031-2041,4.8474182128906,2159,HDH
194,ssp126,2031-2041,5.46485493977862,2025,HDH
190,ssp126,2031-2041,6.0920471191406,2114,HDH
195,ssp126,2031-2041,6.7457336425781,2001,HDH
188,ssp126,2031-2041,7.42415974934894,2152,HDH
182,ssp126,2031-2041,8.12185770670571,2297,HDH
181,ssp126,2031-2041,8.81697184244789,2375,HDH
189,ssp126,2031-2041,9.54146423339842,2138,HDH
179,ssp126,2031-2041,10.3686075846354,2433,HDH
180,ssp126,2031-2041,11.3660491943359,2392,HDH
178,ssp126,2031-2041,12.7873392740885,2602,HDH
177,ssp126,2031-2041,14.9491383870442,4746,HDH
197,ssp126,2031-2041,31.8296569824219,113,HDH
968,ssp126,2041-2051,0,81414,CDH
988,ssp126,2041-2051,3.45865885655883E-05,167,CDH
976,ssp126,2041-2051,0.286584472656273,324,CDH
977,ssp126,2041-2051,0.582147216796898,323,CDH
969,ssp126,2041-2051,0.883386230468773,360,CDH
974,ssp126,2041-2051,1.19264119466148,330,CDH
975,ssp126,2041-2051,1.51648864746096,329,CDH
971,ssp126,2041-2051,1.84905395507815,340,CDH
979,ssp126,2041-2051,2.20259246826174,315,CDH
970,ssp126,2041-2051,2.56795654296877,348,CDH
981,ssp126,2041-2051,2.96079915364586,309,CDH
972,ssp126,2041-2051,3.36797485351565,333,CDH
978,ssp126,2041-2051,3.79624837239586,316,CDH
983,ssp126,2041-2051,4.26107177734377,308,CDH
980,ssp126,2041-2051,4.77202504475914,311,CDH
984,ssp126,2041-2051,5.33524475097659,307,CDH
986,ssp126,2041-2051,5.96098480224612,297,CDH
985,ssp126,2041-2051,6.67320149739586,305,CDH
987,ssp126,2041-2051,7.51457366943362,272,CDH
982,ssp126,2041-2051,8.55979309082034,309,CDH
973,ssp126,2041-2051,10.1126876831055,331,CDH
989,ssp126,2041-2051,20.3302551269531,0,CDH
198,ssp126,2041-2051,0,42525,HDH
218,ssp126,2041-2051,2.64485676861881E-05,1038,HDH
207,ssp126,2041-2051,0.621908569335915,2211,HDH
205,ssp126,2041-2051,1.23366902669269,2236,HDH
214,ssp126,2041-2051,1.83515014648435,2121,HDH
212,ssp126,2041-2051,2.43077189127602,2151,HDH
216,ssp126,2041-2051,3.0313781738281,2114,HDH
208,ssp126,2041-2051,3.63480224609373,2199,HDH
213,ssp126,2041-2051,4.2382873535156,2144,HDH
217,ssp126,2041-2051,4.8474182128906,2090,HDH
210,ssp126,2041-2051,5.46485493977862,2174,HDH
211,ssp126,2041-2051,6.0920471191406,2153,HDH
202,ssp126,2041-2051,6.7457336425781,2303,HDH
215,ssp126,2041-2051,7.42415974934894,2120,HDH
203,ssp126,2041-2051,8.12185770670571,2273,HDH
209,ssp126,2041-2051,8.81697184244789,2199,HDH
206,ssp126,2041-2051,9.54146423339842,2235,HDH
204,ssp126,2041-2051,10.3686075846354,2254,HDH
201,ssp126,2041-2051,11.3660491943359,2433,HDH
200,ssp126,2041-2051,12.7873392740885,2497,HDH
199,ssp126,2041-2051,14.9491383870442,4030,HDH
219,ssp126,2041-2051,31.8296569824219,148,HDH
990,ssp126,2051-2061,0,81788,CDH
1010,ssp126,2051-2061,3.45865885655883E-05,134,CDH
1006,ssp126,2051-2061,0.286584472656273,273,CDH
1008,ssp126,2051-2061,0.582147216796898,266,CDH
1009,ssp126,2051-2061,0.883386230468773,260,CDH
1001,ssp126,2051-2061,1.19264119466148,293,CDH
1005,ssp126,2051-2061,1.51648864746096,283,CDH
998,ssp126,2051-2061,1.84905395507815,299,CDH
1000,ssp126,2051-2061,2.20259246826174,295,CDH
997,ssp126,2051-2061,2.56795654296877,302,CDH
995,ssp126,2051-2061,2.96079915364586,306,CDH
1002,ssp126,2051-2061,3.36797485351565,289,CDH
1003,ssp126,2051-2061,3.79624837239586,288,CDH
1004,ssp126,2051-2061,4.26107177734377,285,CDH
1007,ssp126,2051-2061,4.77202504475914,272,CDH
994,ssp126,2051-2061,5.33524475097659,317,CDH
999,ssp126,2051-2061,5.96098480224612,297,CDH
993,ssp126,2051-2061,6.67320149739586,338,CDH
996,ssp126,2051-2061,7.51457366943362,306,CDH
992,ssp126,2051-2061,8.55979309082034,342,CDH
991,ssp126,2051-2061,10.1126876831055,439,CDH
1011,ssp126,2051-2061,20.3302551269531,0,CDH
220,ssp126,2051-2061,0,41759,HDH
240,ssp126,2051-2061,2.64485676861881E-05,1108,HDH
230,ssp126,2051-2061,0.621908569335915,2155,HDH
238,ssp126,2051-2061,1.23366902669269,2055,HDH
236,ssp126,2051-2061,1.83515014648435,2071,HDH
237,ssp126,2051-2061,2.43077189127602,2057,HDH
239,ssp126,2051-2061,3.0313781738281,2049,HDH
235,ssp126,2051-2061,3.63480224609373,2082,HDH
234,ssp126,2051-2061,4.2382873535156,2096,HDH
232,ssp126,2051-2061,4.8474182128906,2118,HDH
233,ssp126,2051-2061,5.46485493977862,2108,HDH
229,ssp126,2051-2061,6.0920471191406,2163,HDH
227,ssp126,2051-2061,6.7457336425781,2270,HDH
231,ssp126,2051-2061,7.42415974934894,2138,HDH
228,ssp126,2051-2061,8.12185770670571,2257,HDH
226,ssp126,2051-2061,8.81697184244789,2280,HDH
225,ssp126,2051-2061,9.54146423339842,2312,HDH
224,ssp126,2051-2061,10.3686075846354,2387,HDH
223,ssp126,2051-2061,11.3660491943359,2717,HDH
222,ssp126,2051-2061,12.7873392740885,2741,HDH
221,ssp126,2051-2061,14.9491383870442,4701,HDH
241,ssp126,2051-2061,31.8296569824219,48,HDH
1012,ssp126,2061-2071,0,81757,CDH
1032,ssp126,2061-2071,3.45865885655883E-05,158,CDH
1015,ssp126,2061-2071,0.286584472656273,317,CDH
1020,ssp126,2061-2071,0.582147216796898,308,CDH
1024,ssp126,2061-2071,0.883386230468773,296,CDH
1014,ssp126,2061-2071,1.19264119466148,324,CDH
1018,ssp126,2061-2071,1.51648864746096,309,CDH
1017,ssp126,2061-2071,1.84905395507815,313,CDH
1016,ssp126,2061-2071,2.20259246826174,315,CDH
1029,ssp126,2061-2071,2.56795654296877,278,CDH
1019,ssp126,2061-2071,2.96079915364586,309,CDH
1030,ssp126,2061-2071,3.36797485351565,276,CDH
1028,ssp126,2061-2071,3.79624837239586,283,CDH
1025,ssp126,2061-2071,4.26107177734377,293,CDH
1027,ssp126,2061-2071,4.77202504475914,287,CDH
1022,ssp126,2061-2071,5.33524475097659,302,CDH
1026,ssp126,2061-2071,5.96098480224612,289,CDH
1021,ssp126,2061-2071,6.67320149739586,305,CDH
1031,ssp126,2061-2071,7.51457366943362,252,CDH
1023,ssp126,2061-2071,8.55979309082034,302,CDH
1013,ssp126,2061-2071,10.1126876831055,375,CDH
1033,ssp126,2061-2071,20.3302551269531,0,CDH
242,ssp126,2061-2071,0,42078,HDH
262,ssp126,2061-2071,2.64485676861881E-05,1125,HDH
256,ssp126,2061-2071,0.621908569335915,2242,HDH
259,ssp126,2061-2071,1.23366902669269,2210,HDH
250,ssp126,2061-2071,1.83515014648435,2343,HDH
261,ssp126,2061-2071,2.43077189127602,2134,HDH
254,ssp126,2061-2071,3.0313781738281,2245,HDH
252,ssp126,2061-2071,3.63480224609373,2336,HDH
253,ssp126,2061-2071,4.2382873535156,2282,HDH
248,ssp126,2061-2071,4.8474182128906,2375,HDH
258,ssp126,2061-2071,5.46485493977862,2225,HDH
251,ssp126,2061-2071,6.0920471191406,2337,HDH
260,ssp126,2061-2071,6.7457336425781,2210,HDH
255,ssp126,2061-2071,7.42415974934894,2243,HDH
249,ssp126,2061-2071,8.12185770670571,2355,HDH
244,ssp126,2061-2071,8.81697184244789,2439,HDH
245,ssp126,2061-2071,9.54146423339842,2417,HDH
246,ssp126,2061-2071,10.3686075846354,2409,HDH
257,ssp126,2061-2071,11.3660491943359,2228,HDH
247,ssp126,2061-2071,12.7873392740885,2376,HDH
243,ssp126,2061-2071,14.9491383870442,2985,HDH
263,ssp126,2061-2071,31.8296569824219,54,HDH
1034,ssp126,2071-2081,0,81686,CDH
1054,ssp126,2071-2081,3.45865885655883E-05,148,CDH
1045,ssp126,2071-2081,0.286584472656273,291,CDH
1052,ssp126,2071-2081,0.582147216796898,250,CDH
1051,ssp126,2071-2081,0.883386230468773,254,CDH
1053,ssp126,2071-2081,1.19264119466148,242,CDH
1050,ssp126,2071-2081,1.51648864746096,276,CDH
1043,ssp126,2071-2081,1.84905395507815,306,CDH
1047,ssp126,2071-2081,2.20259246826174,290,CDH
1048,ssp126,2071-2081,2.56795654296877,286,CDH
1038,ssp126,2071-2081,2.96079915364586,316,CDH
1049,ssp126,2071-2081,3.36797485351565,285,CDH
1041,ssp126,2071-2081,3.79624837239586,313,CDH
1046,ssp126,2071-2081,4.26107177734377,291,CDH
1044,ssp126,2071-2081,4.77202504475914,305,CDH
1037,ssp126,2071-2081,5.33524475097659,350,CDH
1039,ssp126,2071-2081,5.96098480224612,316,CDH
1040,ssp126,2071-2081,6.67320149739586,316,CDH
1042,ssp126,2071-2081,7.51457366943362,311,CDH
1036,ssp126,2071-2081,8.55979309082034,380,CDH
1035,ssp126,2071-2081,10.1126876831055,455,CDH
1055,ssp126,2071-2081,20.3302551269531,5,CDH
264,ssp126,2071-2081,0,42820,HDH
284,ssp126,2071-2081,2.64485676861881E-05,1119,HDH
280,ssp126,2071-2081,0.621908569335915,2151,HDH
273,ssp126,2071-2081,1.23366902669269,2303,HDH
274,ssp126,2071-2081,1.83515014648435,2302,HDH
271,ssp126,2071-2081,2.43077189127602,2322,HDH
269,ssp126,2071-2081,3.0313781738281,2386,HDH
279,ssp126,2071-2081,3.63480224609373,2183,HDH
276,ssp126,2071-2081,4.2382873535156,2228,HDH
282,ssp126,2071-2081,4.8474182128906,2064,HDH
281,ssp126,2071-2081,5.46485493977862,2092,HDH
278,ssp126,2071-2081,6.0920471191406,2202,HDH
270,ssp126,2071-2081,6.7457336425781,2325,HDH
275,ssp126,2071-2081,7.42415974934894,2230,HDH
268,ssp126,2071-2081,8.12185770670571,2452,HDH
266,ssp126,2071-2081,8.81697184244789,2605,HDH
267,ssp126,2071-2081,9.54146423339842,2487,HDH
272,ssp126,2071-2081,10.3686075846354,2307,HDH
283,ssp126,2071-2081,11.3660491943359,2063,HDH
277,ssp126,2071-2081,12.7873392740885,2225,HDH
265,ssp126,2071-2081,14.9491383870442,2805,HDH
285,ssp126,2071-2081,31.8296569824219,1,HDH
1056,ssp126,2081-2091,0,81336,CDH
1076,ssp126,2081-2091,3.45865885655883E-05,154,CDH
1065,ssp126,2081-2091,0.286584472656273,321,CDH
1063,ssp126,2081-2091,0.582147216796898,326,CDH
1066,ssp126,2081-2091,0.883386230468773,319,CDH
1075,ssp126,2081-2091,1.19264119466148,276,CDH
1070,ssp126,2081-2091,1.51648864746096,284,CDH
1072,ssp126,2081-2091,1.84905395507815,279,CDH
1071,ssp126,2081-2091,2.20259246826174,283,CDH
1074,ssp126,2081-2091,2.56795654296877,278,CDH
1068,ssp126,2081-2091,2.96079915364586,309,CDH
1073,ssp126,2081-2091,3.36797485351565,279,CDH
1069,ssp126,2081-2091,3.79624837239586,308,CDH
1067,ssp126,2081-2091,4.26107177734377,318,CDH
1064,ssp126,2081-2091,4.77202504475914,325,CDH
1062,ssp126,2081-2091,5.33524475097659,335,CDH
1059,ssp126,2081-2091,5.96098480224612,362,CDH
1061,ssp126,2081-2091,6.67320149739586,353,CDH
1058,ssp126,2081-2091,7.51457366943362,379,CDH
1060,ssp126,2081-2091,8.55979309082034,358,CDH
1057,ssp126,2081-2091,10.1126876831055,466,CDH
1077,ssp126,2081-2091,20.3302551269531,0,CDH
286,ssp126,2081-2091,0,42118,HDH
306,ssp126,2081-2091,2.64485676861881E-05,1046,HDH
304,ssp126,2081-2091,0.621908569335915,2111,HDH
302,ssp126,2081-2091,1.23366902669269,2147,HDH
300,ssp126,2081-2091,1.83515014648435,2198,HDH
295,ssp126,2081-2091,2.43077189127602,2308,HDH
297,ssp126,2081-2091,3.0313781738281,2244,HDH
301,ssp126,2081-2091,3.63480224609373,2158,HDH
305,ssp126,2081-2091,4.2382873535156,2086,HDH
299,ssp126,2081-2091,4.8474182128906,2200,HDH
298,ssp126,2081-2091,5.46485493977862,2226,HDH
303,ssp126,2081-2091,6.0920471191406,2125,HDH
296,ssp126,2081-2091,6.7457336425781,2262,HDH
292,ssp126,2081-2091,7.42415974934894,2456,HDH
293,ssp126,2081-2091,8.12185770670571,2445,HDH
288,ssp126,2081-2091,8.81697184244789,2571,HDH
291,ssp126,2081-2091,9.54146423339842,2475,HDH
289,ssp126,2081-2091,10.3686075846354,2529,HDH
290,ssp126,2081-2091,11.3660491943359,2477,HDH
294,ssp126,2081-2091,12.7873392740885,2379,HDH
287,ssp126,2081-2091,14.9491383870442,3085,HDH
307,ssp126,2081-2091,31.8296569824219,2,HDH
1078,ssp245,2021-2031,0,81861,CDH
1098,ssp245,2021-2031,3.45865885655883E-05,154,CDH
1087,ssp245,2021-2031,0.286584472656273,300,CDH
1089,ssp245,2021-2031,0.582147216796898,298,CDH
1085,ssp245,2021-2031,0.883386230468773,308,CDH
1086,ssp245,2021-2031,1.19264119466148,304,CDH
1093,ssp245,2021-2031,1.51648864746096,276,CDH
1091,ssp245,2021-2031,1.84905395507815,297,CDH
1095,ssp245,2021-2031,2.20259246826174,267,CDH
1090,ssp245,2021-2031,2.56795654296877,298,CDH
1084,ssp245,2021-2031,2.96079915364586,312,CDH
1088,ssp245,2021-2031,3.36797485351565,299,CDH
1081,ssp245,2021-2031,3.79624837239586,324,CDH
1080,ssp245,2021-2031,4.26107177734377,340,CDH
1082,ssp245,2021-2031,4.77202504475914,315,CDH
1079,ssp245,2021-2031,5.33524475097659,345,CDH
1092,ssp245,2021-2031,5.96098480224612,291,CDH
1096,ssp245,2021-2031,6.67320149739586,242,CDH
1094,ssp245,2021-2031,7.51457366943362,269,CDH
1097,ssp245,2021-2031,8.55979309082034,235,CDH
1083,ssp245,2021-2031,10.1126876831055,313,CDH
1099,ssp245,2021-2031,20.3302551269531,0,CDH
308,ssp245,2021-2031,0,42347,HDH
328,ssp245,2021-2031,2.64485676861881E-05,1172,HDH
321,ssp245,2021-2031,0.621908569335915,2187,HDH
318,ssp245,2021-2031,1.23366902669269,2231,HDH
327,ssp245,2021-2031,1.83515014648435,2006,HDH
325,ssp245,2021-2031,2.43077189127602,2144,HDH
316,ssp245,2021-2031,3.0313781738281,2261,HDH
324,ssp245,2021-2031,3.63480224609373,2156,HDH
326,ssp245,2021-2031,4.2382873535156,2100,HDH
315,ssp245,2021-2031,4.8474182128906,2270,HDH
312,ssp245,2021-2031,5.46485493977862,2375,HDH
310,ssp245,2021-2031,6.0920471191406,2481,HDH
314,ssp245,2021-2031,6.7457336425781,2311,HDH
323,ssp245,2021-2031,7.42415974934894,2173,HDH
322,ssp245,2021-2031,8.12185770670571,2174,HDH
319,ssp245,2021-2031,8.81697184244789,2219,HDH
317,ssp245,2021-2031,9.54146423339842,2244,HDH
320,ssp245,2021-2031,10.3686075846354,2197,HDH
313,ssp245,2021-2031,11.3660491943359,2356,HDH
311,ssp245,2021-2031,12.7873392740885,2395,HDH
309,ssp245,2021-2031,14.9491383870442,3794,HDH
329,ssp245,2021-2031,31.8296569824219,55,HDH
1100,ssp245,2031-2041,0,81226,CDH
1120,ssp245,2031-2041,3.45865885655883E-05,183,CDH
1105,ssp245,2031-2041,0.286584472656273,356,CDH
1103,ssp245,2031-2041,0.582147216796898,364,CDH
1107,ssp245,2031-2041,0.883386230468773,348,CDH
1109,ssp245,2031-2041,1.19264119466148,338,CDH
1113,ssp245,2031-2041,1.51648864746096,322,CDH
1108,ssp245,2031-2041,1.84905395507815,347,CDH
1101,ssp245,2031-2041,2.20259246826174,377,CDH
1112,ssp245,2031-2041,2.56795654296877,326,CDH
1104,ssp245,2031-2041,2.96079915364586,361,CDH
1102,ssp245,2031-2041,3.36797485351565,368,CDH
1114,ssp245,2031-2041,3.79624837239586,313,CDH
1111,ssp245,2031-2041,4.26107177734377,327,CDH
1110,ssp245,2031-2041,4.77202504475914,336,CDH
1116,ssp245,2031-2041,5.33524475097659,298,CDH
1118,ssp245,2031-2041,5.96098480224612,274,CDH
1119,ssp245,2031-2041,6.67320149739586,262,CDH
1115,ssp245,2031-2041,7.51457366943362,308,CDH
1117,ssp245,2031-2041,8.55979309082034,288,CDH
1106,ssp245,2031-2041,10.1126876831055,350,CDH
1121,ssp245,2031-2041,20.3302551269531,0,CDH
330,ssp245,2031-2041,0,43074,HDH
350,ssp245,2031-2041,2.64485676861881E-05,1020,HDH
339,ssp245,2031-2041,0.621908569335915,2135,HDH
344,ssp245,2031-2041,1.23366902669269,2016,HDH
346,ssp245,2031-2041,1.83515014648435,2005,HDH
345,ssp245,2031-2041,2.43077189127602,2015,HDH
348,ssp245,2031-2041,3.0313781738281,1933,HDH
349,ssp245,2031-2041,3.63480224609373,1933,HDH
342,ssp245,2031-2041,4.2382873535156,2096,HDH
340,ssp245,2031-2041,4.8474182128906,2115,HDH
338,ssp245,2031-2041,5.46485493977862,2136,HDH
337,ssp245,2031-2041,6.0920471191406,2160,HDH
343,ssp245,2031-2041,6.7457336425781,2074,HDH
341,ssp245,2031-2041,7.42415974934894,2103,HDH
347,ssp245,2031-2041,8.12185770670571,1965,HDH
336,ssp245,2031-2041,8.81697184244789,2226,HDH
335,ssp245,2031-2041,9.54146423339842,2259,HDH
334,ssp245,2031-2041,10.3686075846354,2434,HDH
333,ssp245,2031-2041,11.3660491943359,2657,HDH
332,ssp245,2031-2041,12.7873392740885,2708,HDH
331,ssp245,2031-2041,14.9491383870442,4387,HDH
351,ssp245,2031-2041,31.8296569824219,221,HDH
1122,ssp245,2041-2051,0,82163,CDH
1142,ssp245,2041-2051,3.45865885655883E-05,128,CDH
1135,ssp245,2041-2051,0.286584472656273,277,CDH
1123,ssp245,2041-2051,0.582147216796898,325,CDH
1129,ssp245,2041-2051,0.883386230468773,298,CDH
1126,ssp245,2041-2051,1.19264119466148,302,CDH
1133,ssp245,2041-2051,1.51648864746096,283,CDH
1125,ssp245,2041-2051,1.84905395507815,304,CDH
1124,ssp245,2041-2051,2.20259246826174,316,CDH
1140,ssp245,2041-2051,2.56795654296877,235,CDH
1127,ssp245,2041-2051,2.96079915364586,301,CDH
1132,ssp245,2041-2051,3.36797485351565,285,CDH
1128,ssp245,2041-2051,3.79624837239586,299,CDH
1134,ssp245,2041-2051,4.26107177734377,278,CDH
1130,ssp245,2041-2051,4.77202504475914,295,CDH
1136,ssp245,2041-2051,5.33524475097659,271,CDH
1141,ssp245,2041-2051,5.96098480224612,234,CDH
1138,ssp245,2041-2051,6.67320149739586,259,CDH
1139,ssp245,2041-2051,7.51457366943362,238,CDH
1137,ssp245,2041-2051,8.55979309082034,264,CDH
1131,ssp245,2041-2051,10.1126876831055,293,CDH
1143,ssp245,2041-2051,20.3302551269531,0,CDH
352,ssp245,2041-2051,0,41146,HDH
372,ssp245,2041-2051,2.64485676861881E-05,985,HDH
371,ssp245,2041-2051,0.621908569335915,2086,HDH
358,ssp245,2041-2051,1.23366902669269,2369,HDH
362,ssp245,2041-2051,1.83515014648435,2290,HDH
364,ssp245,2041-2051,2.43077189127602,2250,HDH
365,ssp245,2041-2051,3.0313781738281,2192,HDH
368,ssp245,2041-2051,3.63480224609373,2149,HDH
366,ssp245,2041-2051,4.2382873535156,2191,HDH
369,ssp245,2041-2051,4.8474182128906,2148,HDH
367,ssp245,2041-2051,5.46485493977862,2174,HDH
370,ssp245,2041-2051,6.0920471191406,2138,HDH
360,ssp245,2041-2051,6.7457336425781,2321,HDH
361,ssp245,2041-2051,7.42415974934894,2305,HDH
359,ssp245,2041-2051,8.12185770670571,2349,HDH
357,ssp245,2041-2051,8.81697184244789,2387,HDH
363,ssp245,2041-2051,9.54146423339842,2284,HDH
355,ssp245,2041-2051,10.3686075846354,2638,HDH
354,ssp245,2041-2051,11.3660491943359,2641,HDH
356,ssp245,2041-2051,12.7873392740885,2430,HDH
353,ssp245,2041-2051,14.9491383870442,4074,HDH
373,ssp245,2041-2051,31.8296569824219,101,HDH
1144,ssp245,2051-2061,0,82258,CDH
1164,ssp245,2051-2061,3.45865885655883E-05,169,CDH
1145,ssp245,2051-2061,0.286584472656273,339,CDH
1150,ssp245,2051-2061,0.582147216796898,295,CDH
1148,ssp245,2051-2061,0.883386230468773,315,CDH
1152,ssp245,2051-2061,1.19264119466148,278,CDH
1155,ssp245,2051-2061,1.51648864746096,262,CDH
1147,ssp245,2051-2061,1.84905395507815,326,CDH
1149,ssp245,2051-2061,2.20259246826174,296,CDH
1151,ssp245,2051-2061,2.56795654296877,287,CDH
1154,ssp245,2051-2061,2.96079915364586,263,CDH
1159,ssp245,2051-2061,3.36797485351565,252,CDH
1157,ssp245,2051-2061,3.79624837239586,256,CDH
1156,ssp245,2051-2061,4.26107177734377,258,CDH
1160,ssp245,2051-2061,4.77202504475914,250,CDH
1158,ssp245,2051-2061,5.33524475097659,255,CDH
1153,ssp245,2051-2061,5.96098480224612,268,CDH
1163,ssp245,2051-2061,6.67320149739586,223,CDH
1162,ssp245,2051-2061,7.51457366943362,241,CDH
1161,ssp245,2051-2061,8.55979309082034,247,CDH
1146,ssp245,2051-2061,10.1126876831055,334,CDH
1165,ssp245,2051-2061,20.3302551269531,0,CDH
374,ssp245,2051-2061,0,42413,HDH
394,ssp245,2051-2061,2.64485676861881E-05,1120,HDH
388,ssp245,2051-2061,0.621908569335915,2238,HDH
389,ssp245,2051-2061,1.23366902669269,2237,HDH
377,ssp245,2051-2061,1.83515014648435,2404,HDH
376,ssp245,2051-2061,2.43077189127602,2472,HDH
379,ssp245,2051-2061,3.0313781738281,2369,HDH
392,ssp245,2051-2061,3.63480224609373,2163,HDH
390,ssp245,2051-2061,4.2382873535156,2234,HDH
382,ssp245,2051-2061,4.8474182128906,2352,HDH
386,ssp245,2051-2061,5.46485493977862,2325,HDH
381,ssp245,2051-2061,6.0920471191406,2363,HDH
383,ssp245,2051-2061,6.7457336425781,2345,HDH
378,ssp245,2051-2061,7.42415974934894,2390,HDH
384,ssp245,2051-2061,8.12185770670571,2336,HDH
385,ssp245,2051-2061,8.81697184244789,2326,HDH
387,ssp245,2051-2061,9.54146423339842,2283,HDH
391,ssp245,2051-2061,10.3686075846354,2211,HDH
380,ssp245,2051-2061,11.3660491943359,2369,HDH
393,ssp245,2051-2061,12.7873392740885,2124,HDH
375,ssp245,2051-2061,14.9491383870442,2593,HDH
395,ssp245,2051-2061,31.8296569824219,5,HDH
1166,ssp245,2061-2071,0,81469,CDH
1186,ssp245,2061-2071,3.45865885655883E-05,151,CDH
1171,ssp245,2061-2071,0.286584472656273,337,CDH
1183,ssp245,2061-2071,0.582147216796898,281,CDH
1170,ssp245,2061-2071,0.883386230468773,339,CDH
1172,ssp245,2061-2071,1.19264119466148,335,CDH
1175,ssp245,2061-2071,1.51648864746096,326,CDH
1179,ssp245,2061-2071,1.84905395507815,315,CDH
1182,ssp245,2061-2071,2.20259246826174,290,CDH
1177,ssp245,2061-2071,2.56795654296877,320,CDH
1180,ssp245,2061-2071,2.96079915364586,315,CDH
1174,ssp245,2061-2071,3.36797485351565,327,CDH
1181,ssp245,2061-2071,3.79624837239586,300,CDH
1168,ssp245,2061-2071,4.26107177734377,347,CDH
1178,ssp245,2061-2071,4.77202504475914,317,CDH
1173,ssp245,2061-2071,5.33524475097659,328,CDH
1169,ssp245,2061-2071,5.96098480224612,340,CDH
1167,ssp245,2061-2071,6.67320149739586,353,CDH
1176,ssp245,2061-2071,7.51457366943362,323,CDH
1184,ssp245,2061-2071,8.55979309082034,279,CDH
1185,ssp245,2061-2071,10.1126876831055,256,CDH
1187,ssp245,2061-2071,20.3302551269531,0,CDH
396,ssp245,2061-2071,0,43667,HDH
416,ssp245,2061-2071,2.64485676861881E-05,1031,HDH
408,ssp245,2061-2071,0.621908569335915,2167,HDH
405,ssp245,2061-2071,1.23366902669269,2230,HDH
410,ssp245,2061-2071,1.83515014648435,2152,HDH
399,ssp245,2061-2071,2.43077189127602,2321,HDH
406,ssp245,2061-2071,3.0313781738281,2226,HDH
402,ssp245,2061-2071,3.63480224609373,2249,HDH
407,ssp245,2061-2071,4.2382873535156,2195,HDH
411,ssp245,2061-2071,4.8474182128906,2138,HDH
412,ssp245,2061-2071,5.46485493977862,2131,HDH
400,ssp245,2061-2071,6.0920471191406,2288,HDH
403,ssp245,2061-2071,6.7457336425781,2242,HDH
409,ssp245,2061-2071,7.42415974934894,2162,HDH
401,ssp245,2061-2071,8.12185770670571,2258,HDH
398,ssp245,2061-2071,8.81697184244789,2392,HDH
404,ssp245,2061-2071,9.54146423339842,2241,HDH
413,ssp245,2061-2071,10.3686075846354,2107,HDH
415,ssp245,2061-2071,11.3660491943359,1887,HDH
414,ssp245,2061-2071,12.7873392740885,2022,HDH
397,ssp245,2061-2071,14.9491383870442,3383,HDH
417,ssp245,2061-2071,31.8296569824219,159,HDH
1188,ssp245,2071-2081,0,81451,CDH
1208,ssp245,2071-2081,3.45865885655883E-05,172,CDH
1196,ssp245,2071-2081,0.286584472656273,311,CDH
1199,ssp245,2071-2081,0.582147216796898,307,CDH
1194,ssp245,2071-2081,0.883386230468773,316,CDH
1190,ssp245,2071-2081,1.19264119466148,336,CDH
1200,ssp245,2071-2081,1.51648864746096,307,CDH
1193,ssp245,2071-2081,1.84905395507815,318,CDH
1191,ssp245,2071-2081,2.20259246826174,330,CDH
1202,ssp245,2071-2081,2.56795654296877,306,CDH
1206,ssp245,2071-2081,2.96079915364586,285,CDH
1201,ssp245,2071-2081,3.36797485351565,307,CDH
1198,ssp245,2071-2081,3.79624837239586,308,CDH
1204,ssp245,2071-2081,4.26107177734377,292,CDH
1207,ssp245,2071-2081,4.77202504475914,263,CDH
1205,ssp245,2071-2081,5.33524475097659,292,CDH
1203,ssp245,2071-2081,5.96098480224612,296,CDH
1197,ssp245,2071-2081,6.67320149739586,309,CDH
1192,ssp245,2071-2081,7.51457366943362,323,CDH
1195,ssp245,2071-2081,8.55979309082034,315,CDH
1189,ssp245,2071-2081,10.1126876831055,505,CDH
1209,ssp245,2071-2081,20.3302551269531,23,CDH
418,ssp245,2071-2081,0,44661,HDH
438,ssp245,2071-2081,2.64485676861881E-05,1195,HDH
427,ssp245,2071-2081,0.621908569335915,2226,HDH
426,ssp245,2071-2081,1.23366902669269,2229,HDH
423,ssp245,2071-2081,1.83515014648435,2267,HDH
432,ssp245,2071-2081,2.43077189127602,2174,HDH
433,ssp245,2071-2081,3.0313781738281,2173,HDH
434,ssp245,2071-2081,3.63480224609373,2154,HDH
435,ssp245,2071-2081,4.2382873535156,2085,HDH
428,ssp245,2071-2081,4.8474182128906,2221,HDH
429,ssp245,2071-2081,5.46485493977862,2220,HDH
419,ssp245,2071-2081,6.0920471191406,2322,HDH
431,ssp245,2071-2081,6.7457336425781,2195,HDH
421,ssp245,2071-2081,7.42415974934894,2299,HDH
422,ssp245,2071-2081,8.12185770670571,2293,HDH
430,ssp245,2071-2081,8.81697184244789,2196,HDH
437,ssp245,2071-2081,9.54146423339842,1969,HDH
436,ssp245,2071-2081,10.3686075846354,1980,HDH
424,ssp245,2071-2081,11.3660491943359,2265,HDH
420,ssp245,2071-2081,12.7873392740885,2309,HDH
425,ssp245,2071-2081,14.9491383870442,2239,HDH
439,ssp245,2071-2081,31.8296569824219,0,HDH
1210,ssp245,2081-2091,0,80190,CDH
1230,ssp245,2081-2091,3.45865885655883E-05,165,CDH
1228,ssp245,2081-2091,0.286584472656273,318,CDH
1220,ssp245,2081-2091,0.582147216796898,361,CDH
1224,ssp245,2081-2091,0.883386230468773,350,CDH
1229,ssp245,2081-2091,1.19264119466148,311,CDH
1221,ssp245,2081-2091,1.51648864746096,359,CDH
1227,ssp245,2081-2091,1.84905395507815,323,CDH
1222,ssp245,2081-2091,2.20259246826174,354,CDH
1217,ssp245,2081-2091,2.56795654296877,375,CDH
1226,ssp245,2081-2091,2.96079915364586,334,CDH
1225,ssp245,2081-2091,3.36797485351565,344,CDH
1223,ssp245,2081-2091,3.79624837239586,354,CDH
1219,ssp245,2081-2091,4.26107177734377,366,CDH
1216,ssp245,2081-2091,4.77202504475914,389,CDH
1218,ssp245,2081-2091,5.33524475097659,373,CDH
1214,ssp245,2081-2091,5.96098480224612,392,CDH
1213,ssp245,2081-2091,6.67320149739586,421,CDH
1215,ssp245,2081-2091,7.51457366943362,391,CDH
1212,ssp245,2081-2091,8.55979309082034,440,CDH
1211,ssp245,2081-2091,10.1126876831055,713,CDH
1231,ssp245,2081-2091,20.3302551269531,25,CDH
440,ssp245,2081-2091,0,45511,HDH
460,ssp245,2081-2091,2.64485676861881E-05,1117,HDH
452,ssp245,2081-2091,0.621908569335915,2185,HDH
451,ssp245,2081-2091,1.23366902669269,2192,HDH
444,ssp245,2081-2091,1.83515014648435,2288,HDH
450,ssp245,2081-2091,2.43077189127602,2196,HDH
441,ssp245,2081-2091,3.0313781738281,2442,HDH
443,ssp245,2081-2091,3.63480224609373,2303,HDH
445,ssp245,2081-2091,4.2382873535156,2254,HDH
446,ssp245,2081-2091,4.8474182128906,2238,HDH
448,ssp245,2081-2091,5.46485493977862,2233,HDH
447,ssp245,2081-2091,6.0920471191406,2236,HDH
449,ssp245,2081-2091,6.7457336425781,2202,HDH
453,ssp245,2081-2091,7.42415974934894,2146,HDH
455,ssp245,2081-2091,8.12185770670571,1988,HDH
458,ssp245,2081-2091,8.81697184244789,1927,HDH
454,ssp245,2081-2091,9.54146423339842,2027,HDH
459,ssp245,2081-2091,10.3686075846354,1897,HDH
456,ssp245,2081-2091,11.3660491943359,1982,HDH
457,ssp245,2081-2091,12.7873392740885,1953,HDH
442,ssp245,2081-2091,14.9491383870442,2331,HDH
461,ssp245,2081-2091,31.8296569824219,0,HDH
1232,ssp370,2021-2031,0,82179,CDH
1252,ssp370,2021-2031,3.45865885655883E-05,177,CDH
1233,ssp370,2021-2031,0.286584472656273,320,CDH
1234,ssp370,2021-2031,0.582147216796898,306,CDH
1237,ssp370,2021-2031,0.883386230468773,297,CDH
1241,ssp370,2021-2031,1.19264119466148,281,CDH
1244,ssp370,2021-2031,1.51648864746096,273,CDH
1249,ssp370,2021-2031,1.84905395507815,250,CDH
1242,ssp370,2021-2031,2.20259246826174,279,CDH
1240,ssp370,2021-2031,2.56795654296877,291,CDH
1235,ssp370,2021-2031,2.96079915364586,304,CDH
1238,ssp370,2021-2031,3.36797485351565,297,CDH
1246,ssp370,2021-2031,3.79624837239586,268,CDH
1243,ssp370,2021-2031,4.26107177734377,276,CDH
1236,ssp370,2021-2031,4.77202504475914,304,CDH
1239,ssp370,2021-2031,5.33524475097659,294,CDH
1250,ssp370,2021-2031,5.96098480224612,248,CDH
1245,ssp370,2021-2031,6.67320149739586,272,CDH
1248,ssp370,2021-2031,7.51457366943362,258,CDH
1247,ssp370,2021-2031,8.55979309082034,262,CDH
1251,ssp370,2021-2031,10.1126876831055,212,CDH
1253,ssp370,2021-2031,20.3302551269531,0,CDH
462,ssp370,2021-2031,0,40832,HDH
482,ssp370,2021-2031,2.64485676861881E-05,1031,HDH
480,ssp370,2021-2031,0.621908569335915,2150,HDH
481,ssp370,2021-2031,1.23366902669269,1991,HDH
479,ssp370,2021-2031,1.83515014648435,2251,HDH
470,ssp370,2021-2031,2.43077189127602,2419,HDH
477,ssp370,2021-2031,3.0313781738281,2292,HDH
469,ssp370,2021-2031,3.63480224609373,2424,HDH
466,ssp370,2021-2031,4.2382873535156,2463,HDH
471,ssp370,2021-2031,4.8474182128906,2394,HDH
476,ssp370,2021-2031,5.46485493977862,2300,HDH
465,ssp370,2021-2031,6.0920471191406,2469,HDH
478,ssp370,2021-2031,6.7457336425781,2260,HDH
464,ssp370,2021-2031,7.42415974934894,2483,HDH
468,ssp370,2021-2031,8.12185770670571,2436,HDH
467,ssp370,2021-2031,8.81697184244789,2442,HDH
475,ssp370,2021-2031,9.54146423339842,2323,HDH
472,ssp370,2021-2031,10.3686075846354,2388,HDH
473,ssp370,2021-2031,11.3660491943359,2362,HDH
474,ssp370,2021-2031,12.7873392740885,2361,HDH
463,ssp370,2021-2031,14.9491383870442,3510,HDH
483,ssp370,2021-2031,31.8296569824219,67,HDH
1254,ssp370,2031-2041,0,81906,CDH
1274,ssp370,2031-2041,3.45865885655883E-05,150,CDH
1256,ssp370,2031-2041,0.286584472656273,336,CDH
1262,ssp370,2031-2041,0.582147216796898,309,CDH
1255,ssp370,2031-2041,0.883386230468773,339,CDH
1260,ssp370,2031-2041,1.19264119466148,323,CDH
1268,ssp370,2031-2041,1.51648864746096,294,CDH
1263,ssp370,2031-2041,1.84905395507815,304,CDH
1257,ssp370,2031-2041,2.20259246826174,332,CDH
1266,ssp370,2031-2041,2.56795654296877,296,CDH
1267,ssp370,2031-2041,2.96079915364586,295,CDH
1258,ssp370,2031-2041,3.36797485351565,332,CDH
1261,ssp370,2031-2041,3.79624837239586,313,CDH
1265,ssp370,2031-2041,4.26107177734377,303,CDH
1269,ssp370,2031-2041,4.77202504475914,291,CDH
1264,ssp370,2031-2041,5.33524475097659,304,CDH
1270,ssp370,2031-2041,5.96098480224612,283,CDH
1273,ssp370,2031-2041,6.67320149739586,198,CDH
1272,ssp370,2031-2041,7.51457366943362,200,CDH
1271,ssp370,2031-2041,8.55979309082034,232,CDH
1259,ssp370,2031-2041,10.1126876831055,324,CDH
1275,ssp370,2031-2041,20.3302551269531,8,CDH
484,ssp370,2031-2041,0,41768,HDH
504,ssp370,2031-2041,2.64485676861881E-05,1079,HDH
503,ssp370,2031-2041,0.621908569335915,2167,HDH
501,ssp370,2031-2041,1.23366902669269,2235,HDH
498,ssp370,2031-2041,1.83515014648435,2292,HDH
492,ssp370,2031-2041,2.43077189127602,2359,HDH
502,ssp370,2031-2041,3.0313781738281,2182,HDH
494,ssp370,2031-2041,3.63480224609373,2330,HDH
489,ssp370,2031-2041,4.2382873535156,2420,HDH
488,ssp370,2031-2041,4.8474182128906,2443,HDH
495,ssp370,2031-2041,5.46485493977862,2328,HDH
493,ssp370,2031-2041,6.0920471191406,2354,HDH
491,ssp370,2031-2041,6.7457336425781,2370,HDH
490,ssp370,2031-2041,7.42415974934894,2380,HDH
487,ssp370,2031-2041,8.12185770670571,2470,HDH
497,ssp370,2031-2041,8.81697184244789,2294,HDH
500,ssp370,2031-2041,9.54146423339842,2240,HDH
499,ssp370,2031-2041,10.3686075846354,2252,HDH
486,ssp370,2031-2041,11.3660491943359,2511,HDH
496,ssp370,2031-2041,12.7873392740885,2325,HDH
485,ssp370,2031-2041,14.9491383870442,2841,HDH
505,ssp370,2031-2041,31.8296569824219,32,HDH
1276,ssp370,2041-2051,0,81355,CDH
1296,ssp370,2041-2051,3.45865885655883E-05,161,CDH
1292,ssp370,2041-2051,0.286584472656273,286,CDH
1293,ssp370,2041-2051,0.582147216796898,286,CDH
1289,ssp370,2041-2051,0.883386230468773,293,CDH
1291,ssp370,2041-2051,1.19264119466148,287,CDH
1287,ssp370,2041-2051,1.51648864746096,303,CDH
1285,ssp370,2041-2051,1.84905395507815,321,CDH
1295,ssp370,2041-2051,2.20259246826174,278,CDH
1290,ssp370,2041-2051,2.56795654296877,288,CDH
1283,ssp370,2041-2051,2.96079915364586,326,CDH
1288,ssp370,2041-2051,3.36797485351565,297,CDH
1284,ssp370,2041-2051,3.79624837239586,322,CDH
1294,ssp370,2041-2051,4.26107177734377,283,CDH
1286,ssp370,2041-2051,4.77202504475914,310,CDH
1282,ssp370,2041-2051,5.33524475097659,331,CDH
1281,ssp370,2041-2051,5.96098480224612,346,CDH
1280,ssp370,2041-2051,6.67320149739586,385,CDH
1279,ssp370,2041-2051,7.51457366943362,391,CDH
1277,ssp370,2041-2051,8.55979309082034,401,CDH
1278,ssp370,2041-2051,10.1126876831055,398,CDH
1297,ssp370,2041-2051,20.3302551269531,0,CDH
506,ssp370,2041-2051,0,43458,HDH
526,ssp370,2041-2051,2.64485676861881E-05,1153,HDH
513,ssp370,2041-2051,0.621908569335915,2284,HDH
515,ssp370,2041-2051,1.23366902669269,2261,HDH
517,ssp370,2041-2051,1.83515014648435,2198,HDH
514,ssp370,2041-2051,2.43077189127602,2273,HDH
516,ssp370,2041-2051,3.0313781738281,2240,HDH
518,ssp370,2041-2051,3.63480224609373,2196,HDH
520,ssp370,2041-2051,4.2382873535156,2191,HDH
509,ssp370,2041-2051,4.8474182128906,2397,HDH
511,ssp370,2041-2051,5.46485493977862,2328,HDH
519,ssp370,2041-2051,6.0920471191406,2196,HDH
522,ssp370,2041-2051,6.7457336425781,2181,HDH
525,ssp370,2041-2051,7.42415974934894,2053,HDH
524,ssp370,2041-2051,8.12185770670571,2082,HDH
521,ssp370,2041-2051,8.81697184244789,2186,HDH
512,ssp370,2041-2051,9.54146423339842,2295,HDH
510,ssp370,2041-2051,10.3686075846354,2338,HDH
508,ssp370,2041-2051,11.3660491943359,2410,HDH
523,ssp370,2041-2051,12.7873392740885,2167,HDH
507,ssp370,2041-2051,14.9491383870442,2685,HDH
527,ssp370,2041-2051,31.8296569824219,76,HDH
1298,ssp370,2051-2061,0,81999,CDH
1318,ssp370,2051-2061,3.45865885655883E-05,142,CDH
1312,ssp370,2051-2061,0.286584472656273,273,CDH
1308,ssp370,2051-2061,0.582147216796898,282,CDH
1304,ssp370,2051-2061,0.883386230468773,302,CDH
1316,ssp370,2051-2061,1.19264119466148,256,CDH
1303,ssp370,2051-2061,1.51648864746096,310,CDH
1307,ssp370,2051-2061,1.84905395507815,284,CDH
1306,ssp370,2051-2061,2.20259246826174,289,CDH
1317,ssp370,2051-2061,2.56795654296877,253,CDH
1309,ssp370,2051-2061,2.96079915364586,276,CDH
1315,ssp370,2051-2061,3.36797485351565,259,CDH
1313,ssp370,2051-2061,3.79624837239586,271,CDH
1310,ssp370,2051-2061,4.26107177734377,275,CDH
1314,ssp370,2051-2061,4.77202504475914,267,CDH
1305,ssp370,2051-2061,5.33524475097659,299,CDH
1311,ssp370,2051-2061,5.96098480224612,274,CDH
1300,ssp370,2051-2061,6.67320149739586,314,CDH
1301,ssp370,2051-2061,7.51457366943362,313,CDH
1302,ssp370,2051-2061,8.55979309082034,312,CDH
1299,ssp370,2051-2061,10.1126876831055,422,CDH
1319,ssp370,2051-2061,20.3302551269531,0,CDH
528,ssp370,2051-2061,0,44000,HDH
548,ssp370,2051-2061,2.64485676861881E-05,1204,HDH
533,ssp370,2051-2061,0.621908569335915,2304,HDH
531,ssp370,2051-2061,1.23366902669269,2317,HDH
536,ssp370,2051-2061,1.83515014648435,2206,HDH
534,ssp370,2051-2061,2.43077189127602,2283,HDH
530,ssp370,2051-2061,3.0313781738281,2355,HDH
535,ssp370,2051-2061,3.63480224609373,2236,HDH
542,ssp370,2051-2061,4.2382873535156,2006,HDH
546,ssp370,2051-2061,4.8474182128906,1940,HDH
547,ssp370,2051-2061,5.46485493977862,1919,HDH
543,ssp370,2051-2061,6.0920471191406,2002,HDH
545,ssp370,2051-2061,6.7457336425781,1996,HDH
540,ssp370,2051-2061,7.42415974934894,2109,HDH
544,ssp370,2051-2061,8.12185770670571,1997,HDH
539,ssp370,2051-2061,8.81697184244789,2124,HDH
538,ssp370,2051-2061,9.54146423339842,2126,HDH
537,ssp370,2051-2061,10.3686075846354,2190,HDH
532,ssp370,2051-2061,11.3660491943359,2305,HDH
541,ssp370,2051-2061,12.7873392740885,2054,HDH
529,ssp370,2051-2061,14.9491383870442,3891,HDH
549,ssp370,2051-2061,31.8296569824219,108,HDH
1320,ssp370,2061-2071,0,80908,CDH
1340,ssp370,2061-2071,3.45865885655883E-05,175,CDH
1323,ssp370,2061-2071,0.286584472656273,376,CDH
1322,ssp370,2061-2071,0.582147216796898,384,CDH
1332,ssp370,2061-2071,0.883386230468773,337,CDH
1326,ssp370,2061-2071,1.19264119466148,354,CDH
1329,ssp370,2061-2071,1.51648864746096,342,CDH
1333,ssp370,2061-2071,1.84905395507815,337,CDH
1324,ssp370,2061-2071,2.20259246826174,367,CDH
1325,ssp370,2061-2071,2.56795654296877,359,CDH
1337,ssp370,2061-2071,2.96079915364586,301,CDH
1331,ssp370,2061-2071,3.36797485351565,338,CDH
1334,ssp370,2061-2071,3.79624837239586,326,CDH
1327,ssp370,2061-2071,4.26107177734377,352,CDH
1330,ssp370,2061-2071,4.77202504475914,341,CDH
1338,ssp370,2061-2071,5.33524475097659,288,CDH
1328,ssp370,2061-2071,5.96098480224612,348,CDH
1335,ssp370,2061-2071,6.67320149739586,305,CDH
1336,ssp370,2061-2071,7.51457366943362,305,CDH
1339,ssp370,2061-2071,8.55979309082034,287,CDH
1321,ssp370,2061-2071,10.1126876831055,518,CDH
1341,ssp370,2061-2071,20.3302551269531,0,CDH
550,ssp370,2061-2071,0,44091,HDH
570,ssp370,2061-2071,2.64485676861881E-05,1040,HDH
568,ssp370,2061-2071,0.621908569335915,2041,HDH
564,ssp370,2061-2071,1.23366902669269,2158,HDH
565,ssp370,2061-2071,1.83515014648435,2102,HDH
567,ssp370,2061-2071,2.43077189127602,2099,HDH
559,ssp370,2061-2071,3.0313781738281,2274,HDH
555,ssp370,2061-2071,3.63480224609373,2344,HDH
552,ssp370,2061-2071,4.2382873535156,2462,HDH
556,ssp370,2061-2071,4.8474182128906,2340,HDH
558,ssp370,2061-2071,5.46485493977862,2288,HDH
551,ssp370,2061-2071,6.0920471191406,2514,HDH
553,ssp370,2061-2071,6.7457336425781,2364,HDH
560,ssp370,2061-2071,7.42415974934894,2233,HDH
557,ssp370,2061-2071,8.12185770670571,2291,HDH
563,ssp370,2061-2071,8.81697184244789,2168,HDH
561,ssp370,2061-2071,9.54146423339842,2221,HDH
562,ssp370,2061-2071,10.3686075846354,2176,HDH
566,ssp370,2061-2071,11.3660491943359,2100,HDH
569,ssp370,2061-2071,12.7873392740885,1975,HDH
554,ssp370,2061-2071,14.9491383870442,2363,HDH
571,ssp370,2061-2071,31.8296569824219,4,HDH
1342,ssp370,2071-2081,0,80412,CDH
1362,ssp370,2071-2081,3.45865885655883E-05,177,CDH
1352,ssp370,2071-2081,0.286584472656273,362,CDH
1348,ssp370,2071-2081,0.582147216796898,379,CDH
1355,ssp370,2071-2081,0.883386230468773,359,CDH
1349,ssp370,2071-2081,1.19264119466148,378,CDH
1346,ssp370,2071-2081,1.51648864746096,381,CDH
1345,ssp370,2071-2081,1.84905395507815,390,CDH
1353,ssp370,2071-2081,2.20259246826174,361,CDH
1360,ssp370,2071-2081,2.56795654296877,334,CDH
1357,ssp370,2071-2081,2.96079915364586,354,CDH
1358,ssp370,2071-2081,3.36797485351565,346,CDH
1361,ssp370,2071-2081,3.79624837239586,322,CDH
1354,ssp370,2071-2081,4.26107177734377,360,CDH
1350,ssp370,2071-2081,4.77202504475914,376,CDH
1356,ssp370,2071-2081,5.33524475097659,355,CDH
1359,ssp370,2071-2081,5.96098480224612,344,CDH
1351,ssp370,2071-2081,6.67320149739586,372,CDH
1344,ssp370,2071-2081,7.51457366943362,395,CDH
1347,ssp370,2071-2081,8.55979309082034,381,CDH
1343,ssp370,2071-2081,10.1126876831055,532,CDH
1363,ssp370,2071-2081,20.3302551269531,2,CDH
572,ssp370,2071-2081,0,46792,HDH
592,ssp370,2071-2081,2.64485676861881E-05,1051,HDH
575,ssp370,2071-2081,0.621908569335915,2250,HDH
576,ssp370,2071-2081,1.23366902669269,2220,HDH
574,ssp370,2071-2081,1.83515014648435,2260,HDH
583,ssp370,2071-2081,2.43077189127602,2100,HDH
577,ssp370,2071-2081,3.0313781738281,2211,HDH
579,ssp370,2071-2081,3.63480224609373,2165,HDH
578,ssp370,2071-2081,4.2382873535156,2204,HDH
581,ssp370,2071-2081,4.8474182128906,2134,HDH
582,ssp370,2071-2081,5.46485493977862,2123,HDH
586,ssp370,2071-2081,6.0920471191406,1997,HDH
584,ssp370,2071-2081,6.7457336425781,2074,HDH
585,ssp370,2071-2081,7.42415974934894,2049,HDH
587,ssp370,2071-2081,8.12185770670571,1984,HDH
580,ssp370,2071-2081,8.81697184244789,2159,HDH
588,ssp370,2071-2081,9.54146423339842,1951,HDH
589,ssp370,2071-2081,10.3686075846354,1836,HDH
590,ssp370,2071-2081,11.3660491943359,1790,HDH
591,ssp370,2071-2081,12.7873392740885,1762,HDH
573,ssp370,2071-2081,14.9491383870442,2547,HDH
593,ssp370,2071-2081,31.8296569824219,13,HDH
1364,ssp370,2081-2091,0,79922,CDH
1384,ssp370,2081-2091,3.45865885655883E-05,185,CDH
1381,ssp370,2081-2091,0.286584472656273,358,CDH
1383,ssp370,2081-2091,0.582147216796898,348,CDH
1379,ssp370,2081-2091,0.883386230468773,359,CDH
1378,ssp370,2081-2091,1.19264119466148,365,CDH
1376,ssp370,2081-2091,1.51648864746096,383,CDH
1380,ssp370,2081-2091,1.84905395507815,359,CDH
1369,ssp370,2081-2091,2.20259246826174,404,CDH
1368,ssp370,2081-2091,2.56795654296877,405,CDH
1366,ssp370,2081-2091,2.96079915364586,434,CDH
1372,ssp370,2081-2091,3.36797485351565,396,CDH
1377,ssp370,2081-2091,3.79624837239586,376,CDH
1375,ssp370,2081-2091,4.26107177734377,384,CDH
1367,ssp370,2081-2091,4.77202504475914,423,CDH
1373,ssp370,2081-2091,5.33524475097659,389,CDH
1370,ssp370,2081-2091,5.96098480224612,404,CDH
1382,ssp370,2081-2091,6.67320149739586,355,CDH
1371,ssp370,2081-2091,7.51457366943362,400,CDH
1374,ssp370,2081-2091,8.55979309082034,389,CDH
1365,ssp370,2081-2091,10.1126876831055,596,CDH
1385,ssp370,2081-2091,20.3302551269531,14,CDH
594,ssp370,2081-2091,0,48921,HDH
614,ssp370,2081-2091,2.64485676861881E-05,1148,HDH
595,ssp370,2081-2091,0.621908569335915,2294,HDH
602,ssp370,2081-2091,1.23366902669269,2207,HDH
596,ssp370,2081-2091,1.83515014648435,2288,HDH
598,ssp370,2081-2091,2.43077189127602,2286,HDH
599,ssp370,2081-2091,3.0313781738281,2274,HDH
597,ssp370,2081-2091,3.63480224609373,2288,HDH
600,ssp370,2081-2091,4.2382873535156,2232,HDH
601,ssp370,2081-2091,4.8474182128906,2211,HDH
603,ssp370,2081-2091,5.46485493977862,2144,HDH
604,ssp370,2081-2091,6.0920471191406,2099,HDH
605,ssp370,2081-2091,6.7457336425781,1944,HDH
606,ssp370,2081-2091,7.42415974934894,1911,HDH
608,ssp370,2081-2091,8.12185770670571,1755,HDH
609,ssp370,2081-2091,8.81697184244789,1738,HDH
610,ssp370,2081-2091,9.54146423339842,1658,HDH
607,ssp370,2081-2091,10.3686075846354,1782,HDH
611,ssp370,2081-2091,11.3660491943359,1643,HDH
613,ssp370,2081-2091,12.7873392740885,1407,HDH
612,ssp370,2081-2091,14.9491383870442,1415,HDH
615,ssp370,2081-2091,31.8296569824219,3,HDH
1386,ssp585,2021-2031,0,82566,CDH
1403,ssp585,2021-2031,3.45865885655883E-05,179,CDH
1388,ssp585,2021-2031,0.286584472656273,321,CDH
1393,ssp585,2021-2031,0.582147216796898,300,CDH
1390,ssp585,2021-2031,0.883386230468773,308,CDH
1396,ssp585,2021-2031,1.19264119466148,283,CDH
1387,ssp585,2021-2031,1.51648864746096,349,CDH
1389,ssp585,2021-2031,1.84905395507815,310,CDH
1394,ssp585,2021-2031,2.20259246826174,298,CDH
1392,ssp585,2021-2031,2.56795654296877,301,CDH
1397,ssp585,2021-2031,2.96079915364586,277,CDH
1395,ssp585,2021-2031,3.36797485351565,292,CDH
1391,ssp585,2021-2031,3.79624837239586,306,CDH
1399,ssp585,2021-2031,4.26107177734377,251,CDH
1398,ssp585,2021-2031,4.77202504475914,254,CDH
1402,ssp585,2021-2031,5.33524475097659,200,CDH
1400,ssp585,2021-2031,5.96098480224612,217,CDH
1401,ssp585,2021-2031,6.67320149739586,206,CDH
1404,ssp585,2021-2031,7.51457366943362,178,CDH
1405,ssp585,2021-2031,8.55979309082034,141,CDH
1406,ssp585,2021-2031,10.1126876831055,111,CDH
1407,ssp585,2021-2031,20.3302551269531,0,CDH
616,ssp585,2021-2031,0,42208,HDH
636,ssp585,2021-2031,2.64485676861881E-05,1179,HDH
632,ssp585,2021-2031,0.621908569335915,2201,HDH
630,ssp585,2021-2031,1.23366902669269,2222,HDH
626,ssp585,2021-2031,1.83515014648435,2244,HDH
624,ssp585,2021-2031,2.43077189127602,2266,HDH
623,ssp585,2021-2031,3.0313781738281,2287,HDH
618,ssp585,2021-2031,3.63480224609373,2468,HDH
621,ssp585,2021-2031,4.2382873535156,2349,HDH
619,ssp585,2021-2031,4.8474182128906,2359,HDH
629,ssp585,2021-2031,5.46485493977862,2224,HDH
627,ssp585,2021-2031,6.0920471191406,2234,HDH
634,ssp585,2021-2031,6.7457336425781,2183,HDH
628,ssp585,2021-2031,7.42415974934894,2229,HDH
620,ssp585,2021-2031,8.12185770670571,2350,HDH
622,ssp585,2021-2031,8.81697184244789,2324,HDH
635,ssp585,2021-2031,9.54146423339842,2178,HDH
633,ssp585,2021-2031,10.3686075846354,2190,HDH
625,ssp585,2021-2031,11.3660491943359,2245,HDH
631,ssp585,2021-2031,12.7873392740885,2220,HDH
617,ssp585,2021-2031,14.9491383870442,3455,HDH
637,ssp585,2021-2031,31.8296569824219,33,HDH
1408,ssp585,2031-2041,0,81467,CDH
1428,ssp585,2031-2041,3.45865885655883E-05,154,CDH
1413,ssp585,2031-2041,0.286584472656273,317,CDH
1415,ssp585,2031-2041,0.582147216796898,305,CDH
1423,ssp585,2031-2041,0.883386230468773,295,CDH
1424,ssp585,2031-2041,1.19264119466148,292,CDH
1421,ssp585,2031-2041,1.51648864746096,296,CDH
1420,ssp585,2031-2041,1.84905395507815,297,CDH
1422,ssp585,2031-2041,2.20259246826174,296,CDH
1419,ssp585,2031-2041,2.56795654296877,299,CDH
1414,ssp585,2031-2041,2.96079915364586,314,CDH
1411,ssp585,2031-2041,3.36797485351565,338,CDH
1416,ssp585,2031-2041,3.79624837239586,304,CDH
1410,ssp585,2031-2041,4.26107177734377,347,CDH
1427,ssp585,2031-2041,4.77202504475914,286,CDH
1412,ssp585,2031-2041,5.33524475097659,323,CDH
1425,ssp585,2031-2041,5.96098480224612,292,CDH
1417,ssp585,2031-2041,6.67320149739586,304,CDH
1426,ssp585,2031-2041,7.51457366943362,287,CDH
1418,ssp585,2031-2041,8.55979309082034,300,CDH
1409,ssp585,2031-2041,10.1126876831055,552,CDH
1429,ssp585,2031-2041,20.3302551269531,7,CDH
638,ssp585,2031-2041,0,43898,HDH
658,ssp585,2031-2041,2.64485676861881E-05,1159,HDH
647,ssp585,2031-2041,0.621908569335915,2227,HDH
641,ssp585,2031-2041,1.23366902669269,2351,HDH
642,ssp585,2031-2041,1.83515014648435,2277,HDH
645,ssp585,2031-2041,2.43077189127602,2238,HDH
651,ssp585,2031-2041,3.0313781738281,2184,HDH
657,ssp585,2031-2041,3.63480224609373,2067,HDH
653,ssp585,2031-2041,4.2382873535156,2179,HDH
655,ssp585,2031-2041,4.8474182128906,2147,HDH
643,ssp585,2031-2041,5.46485493977862,2267,HDH
650,ssp585,2031-2041,6.0920471191406,2189,HDH
648,ssp585,2031-2041,6.7457336425781,2226,HDH
644,ssp585,2031-2041,7.42415974934894,2261,HDH
652,ssp585,2031-2041,8.12185770670571,2182,HDH
649,ssp585,2031-2041,8.81697184244789,2208,HDH
654,ssp585,2031-2041,9.54146423339842,2166,HDH
640,ssp585,2031-2041,10.3686075846354,2411,HDH
646,ssp585,2031-2041,11.3660491943359,2237,HDH
656,ssp585,2031-2041,12.7873392740885,2125,HDH
639,ssp585,2031-2041,14.9491383870442,2672,HDH
659,ssp585,2031-2041,31.8296569824219,1,HDH
1430,ssp585,2041-2051,0,81723,CDH
1450,ssp585,2041-2051,3.45865885655883E-05,151,CDH
1447,ssp585,2041-2051,0.286584472656273,280,CDH
1448,ssp585,2041-2051,0.582147216796898,276,CDH
1437,ssp585,2041-2051,0.883386230468773,310,CDH
1434,ssp585,2041-2051,1.19264119466148,319,CDH
1449,ssp585,2041-2051,1.51648864746096,272,CDH
1440,ssp585,2041-2051,1.84905395507815,305,CDH
1441,ssp585,2041-2051,2.20259246826174,293,CDH
1436,ssp585,2041-2051,2.56795654296877,314,CDH
1443,ssp585,2041-2051,2.96079915364586,290,CDH
1444,ssp585,2041-2051,3.36797485351565,288,CDH
1439,ssp585,2041-2051,3.79624837239586,307,CDH
1433,ssp585,2041-2051,4.26107177734377,321,CDH
1445,ssp585,2041-2051,4.77202504475914,286,CDH
1438,ssp585,2041-2051,5.33524475097659,310,CDH
1435,ssp585,2041-2051,5.96098480224612,316,CDH
1446,ssp585,2041-2051,6.67320149739586,281,CDH
1442,ssp585,2041-2051,7.51457366943362,292,CDH
1432,ssp585,2041-2051,8.55979309082034,356,CDH
1431,ssp585,2041-2051,10.1126876831055,358,CDH
1451,ssp585,2041-2051,20.3302551269531,0,CDH
660,ssp585,2041-2051,0,42988,HDH
680,ssp585,2041-2051,2.64485676861881E-05,1126,HDH
665,ssp585,2041-2051,0.621908569335915,2356,HDH
669,ssp585,2041-2051,1.23366902669269,2279,HDH
674,ssp585,2041-2051,1.83515014648435,2214,HDH
671,ssp585,2041-2051,2.43077189127602,2226,HDH
678,ssp585,2041-2051,3.0313781738281,2142,HDH
677,ssp585,2041-2051,3.63480224609373,2149,HDH
675,ssp585,2041-2051,4.2382873535156,2194,HDH
672,ssp585,2041-2051,4.8474182128906,2223,HDH
673,ssp585,2041-2051,5.46485493977862,2219,HDH
663,ssp585,2041-2051,6.0920471191406,2416,HDH
662,ssp585,2041-2051,6.7457336425781,2430,HDH
664,ssp585,2041-2051,7.42415974934894,2402,HDH
670,ssp585,2041-2051,8.12185770670571,2238,HDH
666,ssp585,2041-2051,8.81697184244789,2348,HDH
667,ssp585,2041-2051,9.54146423339842,2305,HDH
676,ssp585,2041-2051,10.3686075846354,2189,HDH
668,ssp585,2041-2051,11.3660491943359,2281,HDH
679,ssp585,2041-2051,12.7873392740885,2107,HDH
661,ssp585,2041-2051,14.9491383870442,2816,HDH
681,ssp585,2041-2051,31.8296569824219,0,HDH
1452,ssp585,2051-2061,0,81127,CDH
1472,ssp585,2051-2061,3.45865885655883E-05,193,CDH
1456,ssp585,2051-2061,0.286584472656273,367,CDH
1455,ssp585,2051-2061,0.582147216796898,369,CDH
1468,ssp585,2051-2061,0.883386230468773,313,CDH
1467,ssp585,2051-2061,1.19264119466148,314,CDH
1454,ssp585,2051-2061,1.51648864746096,374,CDH
1457,ssp585,2051-2061,1.84905395507815,350,CDH
1462,ssp585,2051-2061,2.20259246826174,341,CDH
1460,ssp585,2051-2061,2.56795654296877,348,CDH
1465,ssp585,2051-2061,2.96079915364586,317,CDH
1458,ssp585,2051-2061,3.36797485351565,350,CDH
1459,ssp585,2051-2061,3.79624837239586,350,CDH
1463,ssp585,2051-2061,4.26107177734377,337,CDH
1466,ssp585,2051-2061,4.77202504475914,316,CDH
1461,ssp585,2051-2061,5.33524475097659,342,CDH
1464,ssp585,2051-2061,5.96098480224612,322,CDH
1469,ssp585,2051-2061,6.67320149739586,307,CDH
1471,ssp585,2051-2061,7.51457366943362,249,CDH
1470,ssp585,2051-2061,8.55979309082034,271,CDH
1453,ssp585,2051-2061,10.1126876831055,414,CDH
1473,ssp585,2051-2061,20.3302551269531,1,CDH
682,ssp585,2051-2061,0,44260,HDH
702,ssp585,2051-2061,2.64485676861881E-05,1040,HDH
698,ssp585,2051-2061,0.621908569335915,2080,HDH
701,ssp585,2051-2061,1.23366902669269,1982,HDH
699,ssp585,2051-2061,1.83515014648435,2016,HDH
690,ssp585,2051-2061,2.43077189127602,2215,HDH
696,ssp585,2051-2061,3.0313781738281,2116,HDH
692,ssp585,2051-2061,3.63480224609373,2190,HDH
689,ssp585,2051-2061,4.2382873535156,2233,HDH
691,ssp585,2051-2061,4.8474182128906,2197,HDH
693,ssp585,2051-2061,5.46485493977862,2148,HDH
688,ssp585,2051-2061,6.0920471191406,2247,HDH
694,ssp585,2051-2061,6.7457336425781,2133,HDH
695,ssp585,2051-2061,7.42415974934894,2119,HDH
697,ssp585,2051-2061,8.12185770670571,2106,HDH
687,ssp585,2051-2061,8.81697184244789,2284,HDH
686,ssp585,2051-2061,9.54146423339842,2312,HDH
684,ssp585,2051-2061,10.3686075846354,2398,HDH
685,ssp585,2051-2061,11.3660491943359,2335,HDH
700,ssp585,2051-2061,12.7873392740885,2012,HDH
683,ssp585,2051-2061,14.9491383870442,3224,HDH
703,ssp585,2051-2061,31.8296569824219,25,HDH
1474,ssp585,2061-2071,0,79749,CDH
1494,ssp585,2061-2071,3.45865885655883E-05,171,CDH
1492,ssp585,2061-2071,0.286584472656273,310,CDH
1484,ssp585,2061-2071,0.582147216796898,348,CDH
1491,ssp585,2061-2071,0.883386230468773,311,CDH
1483,ssp585,2061-2071,1.19264119466148,351,CDH
1490,ssp585,2061-2071,1.51648864746096,317,CDH
1493,ssp585,2061-2071,1.84905395507815,310,CDH
1488,ssp585,2061-2071,2.20259246826174,329,CDH
1485,ssp585,2061-2071,2.56795654296877,342,CDH
1480,ssp585,2061-2071,2.96079915364586,392,CDH
1482,ssp585,2061-2071,3.36797485351565,353,CDH
1481,ssp585,2061-2071,3.79624837239586,375,CDH
1489,ssp585,2061-2071,4.26107177734377,322,CDH
1486,ssp585,2061-2071,4.77202504475914,339,CDH
1487,ssp585,2061-2071,5.33524475097659,334,CDH
1479,ssp585,2061-2071,5.96098480224612,418,CDH
1478,ssp585,2061-2071,6.67320149739586,419,CDH
1477,ssp585,2061-2071,7.51457366943362,494,CDH
1476,ssp585,2061-2071,8.55979309082034,579,CDH
1475,ssp585,2061-2071,10.1126876831055,1034,CDH
1495,ssp585,2061-2071,20.3302551269531,51,CDH
704,ssp585,2061-2071,0,46536,HDH
724,ssp585,2061-2071,2.64485676861881E-05,1171,HDH
705,ssp585,2061-2071,0.621908569335915,2365,HDH
707,ssp585,2061-2071,1.23366902669269,2261,HDH
706,ssp585,2061-2071,1.83515014648435,2298,HDH
714,ssp585,2061-2071,2.43077189127602,2132,HDH
713,ssp585,2061-2071,3.0313781738281,2150,HDH
712,ssp585,2061-2071,3.63480224609373,2158,HDH
717,ssp585,2061-2071,4.2382873535156,2018,HDH
715,ssp585,2061-2071,4.8474182128906,2128,HDH
710,ssp585,2061-2071,5.46485493977862,2195,HDH
709,ssp585,2061-2071,6.0920471191406,2207,HDH
708,ssp585,2061-2071,6.7457336425781,2257,HDH
716,ssp585,2061-2071,7.42415974934894,2085,HDH
719,ssp585,2061-2071,8.12185770670571,1974,HDH
721,ssp585,2061-2071,8.81697184244789,1891,HDH
723,ssp585,2061-2071,9.54146423339842,1861,HDH
720,ssp585,2061-2071,10.3686075846354,1913,HDH
718,ssp585,2061-2071,11.3660491943359,1977,HDH
722,ssp585,2061-2071,12.7873392740885,1877,HDH
711,ssp585,2061-2071,14.9491383870442,2162,HDH
725,ssp585,2061-2071,31.8296569824219,32,HDH
1496,ssp585,2071-2081,0,79247,CDH
1516,ssp585,2071-2081,3.45865885655883E-05,172,CDH
1512,ssp585,2071-2081,0.286584472656273,331,CDH
1515,ssp585,2071-2081,0.582147216796898,306,CDH
1513,ssp585,2071-2081,0.883386230468773,327,CDH
1511,ssp585,2071-2081,1.19264119466148,332,CDH
1514,ssp585,2071-2081,1.51648864746096,311,CDH
1510,ssp585,2071-2081,1.84905395507815,347,CDH
1508,ssp585,2071-2081,2.20259246826174,395,CDH
1509,ssp585,2071-2081,2.56795654296877,393,CDH
1506,ssp585,2071-2081,2.96079915364586,399,CDH
1507,ssp585,2071-2081,3.36797485351565,399,CDH
1503,ssp585,2071-2081,3.79624837239586,450,CDH
1501,ssp585,2071-2081,4.26107177734377,459,CDH
1505,ssp585,2071-2081,4.77202504475914,429,CDH
1502,ssp585,2071-2081,5.33524475097659,457,CDH
1500,ssp585,2071-2081,5.96098480224612,475,CDH
1504,ssp585,2071-2081,6.67320149739586,437,CDH
1499,ssp585,2071-2081,7.51457366943362,517,CDH
1498,ssp585,2071-2081,8.55979309082034,554,CDH
1497,ssp585,2071-2081,10.1126876831055,898,CDH
1517,ssp585,2071-2081,20.3302551269531,37,CDH
726,ssp585,2071-2081,0,48268,HDH
746,ssp585,2071-2081,2.64485676861881E-05,1145,HDH
727,ssp585,2071-2081,0.621908569335915,2372,HDH
728,ssp585,2071-2081,1.23366902669269,2310,HDH
731,ssp585,2071-2081,1.83515014648435,2272,HDH
734,ssp585,2071-2081,2.43077189127602,2160,HDH
730,ssp585,2071-2081,3.0313781738281,2298,HDH
729,ssp585,2071-2081,3.63480224609373,2304,HDH
733,ssp585,2071-2081,4.2382873535156,2246,HDH
732,ssp585,2071-2081,4.8474182128906,2272,HDH
735,ssp585,2071-2081,5.46485493977862,2154,HDH
736,ssp585,2071-2081,6.0920471191406,2054,HDH
737,ssp585,2071-2081,6.7457336425781,2006,HDH
738,ssp585,2071-2081,7.42415974934894,1946,HDH
739,ssp585,2071-2081,8.12185770670571,1882,HDH
740,ssp585,2071-2081,8.81697184244789,1863,HDH
745,ssp585,2071-2081,9.54146423339842,1566,HDH
743,ssp585,2071-2081,10.3686075846354,1616,HDH
741,ssp585,2071-2081,11.3660491943359,1698,HDH
742,ssp585,2071-2081,12.7873392740885,1630,HDH
744,ssp585,2071-2081,14.9491383870442,1610,HDH
747,ssp585,2071-2081,31.8296569824219,0,HDH
1518,ssp585,2081-2091,0,77697,CDH
1538,ssp585,2081-2091,3.45865885655883E-05,181,CDH
1537,ssp585,2081-2091,0.286584472656273,338,CDH
1535,ssp585,2081-2091,0.582147216796898,379,CDH
1536,ssp585,2081-2091,0.883386230468773,371,CDH
1534,ssp585,2081-2091,1.19264119466148,381,CDH
1533,ssp585,2081-2091,1.51648864746096,400,CDH
1532,ssp585,2081-2091,1.84905395507815,417,CDH
1530,ssp585,2081-2091,2.20259246826174,427,CDH
1529,ssp585,2081-2091,2.56795654296877,430,CDH
1531,ssp585,2081-2091,2.96079915364586,418,CDH
1528,ssp585,2081-2091,3.36797485351565,443,CDH
1527,ssp585,2081-2091,3.79624837239586,448,CDH
1526,ssp585,2081-2091,4.26107177734377,472,CDH
1523,ssp585,2081-2091,4.77202504475914,532,CDH
1525,ssp585,2081-2091,5.33524475097659,475,CDH
1524,ssp585,2081-2091,5.96098480224612,532,CDH
1522,ssp585,2081-2091,6.67320149739586,555,CDH
1521,ssp585,2081-2091,7.51457366943362,625,CDH
1520,ssp585,2081-2091,8.55979309082034,643,CDH
1519,ssp585,2081-2091,10.1126876831055,1358,CDH
1539,ssp585,2081-2091,20.3302551269531,126,CDH
748,ssp585,2081-2091,0,51846,HDH
766,ssp585,2081-2091,2.64485676861881E-05,1207,HDH
751,ssp585,2081-2091,0.621908569335915,2311,HDH
749,ssp585,2081-2091,1.23366902669269,2358,HDH
750,ssp585,2081-2091,1.83515014648435,2336,HDH
752,ssp585,2081-2091,2.43077189127602,2251,HDH
755,ssp585,2081-2091,3.0313781738281,2185,HDH
754,ssp585,2081-2091,3.63480224609373,2192,HDH
753,ssp585,2081-2091,4.2382873535156,2248,HDH
756,ssp585,2081-2091,4.8474182128906,2094,HDH
757,ssp585,2081-2091,5.46485493977862,2014,HDH
758,ssp585,2081-2091,6.0920471191406,1969,HDH
759,ssp585,2081-2091,6.7457336425781,1843,HDH
760,ssp585,2081-2091,7.42415974934894,1740,HDH
761,ssp585,2081-2091,8.12185770670571,1682,HDH
763,ssp585,2081-2091,8.81697184244789,1463,HDH
764,ssp585,2081-2091,9.54146423339842,1452,HDH
762,ssp585,2081-2091,10.3686075846354,1504,HDH
765,ssp585,2081-2091,11.3660491943359,1280,HDH
767,ssp585,2081-2091,12.7873392740885,972,HDH
768,ssp585,2081-2091,14.9491383870442,701,HDH
769,ssp585,2081-2091,31.8296569824219,0,HDH
