period,ssp,tech,power,cost,th_max,th_min,th_eff
2020s,past,Geothermal,0.0,0.0,0.0,0.0,0.0
2020s,past,Boiler,0.0,0.0,0.0,0.0,0.0
2020s,past,HeatPump,0.0,0.0,0.0,0.0,0.0
2020s,past,BTES,0.0,0.0,0.0,0.0,0.0
2030s,ssp126,Geothermal,0.023735033932591056,7120.510179777317,0.38729102186916076,0.11682977077469632,0.17155492178849588
2030s,ssp126,Boiler,0.6661435428684952,66614.35428684951,0.5995291885816457,0.5995291885816457,0.5995291885816458
2030s,ssp126,HeatPump,0.21695806209079213,108479.03104539607,3.245150213723023,0.610241040643658,1.517989183460878
2030s,ssp126,BTES,0.09309473684210526,74475.78947368421,0.09309473684210526,0.09309473684210526,0.09309473684210526
2030s,ssp245,Geothermal,0.02308280715138982,6924.842145416947,0.376648459600269,0.11617754399349507,0.16979546449743796
2030s,ssp245,Boiler,0.617685874548856,61768.5874548856,0.5559172870939705,0.5559172870939705,0.5559172870939704
2030s,ssp245,HeatPump,0.21141877571986525,105709.38785993263,3.162296337829884,0.6102851689125346,1.559486275490055
2030s,ssp245,BTES,0.09309473684210526,74475.78947368421,0.09309473684210526,0.09309473684210526,0.09309473684210526
2030s,ssp370,Geothermal,0.03658589249018771,10975.767747056314,0.596981985733072,0.17622799775334563,0.26063842108218727
2030s,ssp370,Boiler,0.5995837780892466,59958.377808924655,0.5396254002803219,0.5396254002803219,0.5396254002803218
2030s,ssp370,HeatPump,0.23878472500671402,119392.36250335701,3.5716225242879243,0.6549666019663326,1.758373604655775
2030s,ssp370,BTES,0.1396421052631579,111713.68421052632,0.1396421052631579,0.1396421052631579,0.1396421052631579
2030s,ssp585,Geothermal,0.028355793946584985,8506.738183975496,0.46268922322477624,0.1427168921480812,0.2143104465785672
2030s,ssp585,Boiler,0.6387333333333334,63873.333333333336,0.57486,0.57486,0.5748599999999999
2030s,ssp585,HeatPump,0.2467761186451035,123388.05932255174,3.691153794634135,0.7123482989536377,1.8397028127250665
2030s,ssp585,BTES,0.1143610982014962,91488.87856119697,0.1143610982014962,0.1143610982014962,0.1143610982014962
2040s,ssp126,Geothermal,0.034624210727084735,10387.263218125421,0.5649726894004036,0.17426631599024262,0.24992797329533983
2040s,ssp126,Boiler,0.6290818364353461,62908.18364353461,0.5661736527918115,0.5661736527918115,0.5661736527918115
2040s,ssp126,HeatPump,0.18774222896133438,93871.1144806672,2.8081543896891588,0.541940031217946,1.2936369195152533
2040s,ssp126,BTES,0.1396421052631579,111713.68421052632,0.1396421052631579,0.1396421052631579,0.1396421052631579
2040s,ssp245,Geothermal,0.02439059499345847,7317.1784980375405,0.3979879904887146,0.11748533183556373,0.18059211373192488
2040s,ssp245,Boiler,0.623162292939729,62316.2292939729,0.5608460636457562,0.5608460636457562,0.5608460636457562
2040s,ssp245,HeatPump,0.2535913978494624,126795.69892473119,3.793093333333333,0.6955800716845878,1.870094452459069
2040s,ssp245,BTES,0.09309473684210526,74475.78947368421,0.09309473684210526,0.09309473684210526,0.09309473684210526
2040s,ssp370,Geothermal,0.021788255191080366,6536.47655732411,0.3555249022042741,0.11488299203318562,0.1634707684951107
2040s,ssp370,Boiler,0.6218416129818751,62184.161298187515,0.5596574516836876,0.5596574516836876,0.5596574516836875
2040s,ssp370,HeatPump,0.1774958017612124,88747.9008806062,2.654893454843334,0.5410571244624207,1.2990606527365123
2040s,ssp370,BTES,0.09309473684210526,74475.78947368421,0.09309473684210526,0.09309473684210526,0.09309473684210526
2040s,ssp585,Geothermal,0.022433889276428438,6730.166782928532,0.3660598896569218,0.1155286261185337,0.17414472666420686
2040s,ssp585,Boiler,0.617685874548856,61768.5874548856,0.5559172870939705,0.5559172870939705,0.5559172870939705
2040s,ssp585,HeatPump,0.2011523881728583,100576.19408642915,3.0087368460955277,0.5964168309325247,1.5014412092987124
2040s,ssp585,BTES,0.09309473684210526,74475.78947368421,0.09309473684210526,0.09309473684210526,0.09309473684210526
2050s,ssp126,Geothermal,0.035602550898886594,10680.765269665979,0.5809365328037414,0.17524465616204454,0.2575704302475014
2050s,ssp126,Boiler,0.830740516279653,83074.0516279653,0.7476664646516876,0.7476664646516876,0.7476664646516877
2050s,ssp126,HeatPump,0.1435228886334438,71761.4443167219,2.1467436067347356,0.4036888791862679,0.9906013682101183
2050s,ssp126,BTES,0.1396421052631579,111713.68421052632,0.1396421052631579,0.1396421052631579,0.1396421052631579
2050s,ssp245,Geothermal,0.044867778552856875,13460.333565857063,0.7321197793138436,0.2310572522370674,0.3348243574824446
2050s,ssp245,Boiler,0.29180263666942363,29180.263666942363,0.26262237300248126,0.26262237300248126,0.26262237300248126
2050s,ssp245,HeatPump,0.2510895024487189,125544.75122435945,3.7556712328767126,0.7444803747604515,1.7944337397772538
2050s,ssp245,BTES,0.18618947368421052,148951.57894736843,0.18618947368421052,0.18618947368421052,0.18618947368421052
2050s,ssp370,Geothermal,0.044867778552856875,13460.333565857063,0.7321197793138436,0.2310572522370674,0.34320619536505215
2050s,ssp370,Boiler,0.5446757343941607,54467.573439416075,0.4902081609547447,0.4902081609547447,0.4902081609547447
2050s,ssp370,HeatPump,0.1743320697498105,87166.03487490525,2.6075719332827902,0.516894586808188,1.295012772553431
2050s,ssp370,BTES,0.18618947368421052,148951.57894736843,0.18618947368421052,0.18618947368421052,0.18618947368421052
2050s,ssp585,Geothermal,0.05447063797770092,16341.191393310277,0.8888122555106853,0.2872074800829641,0.42605927199973265
2050s,ssp585,Boiler,0.3001439342110014,30014.39342110014,0.27012954078990126,0.27012954078990126,0.27012954078990126
2050s,ssp585,HeatPump,0.20883997469955726,104419.98734977863,3.123723921568627,0.6366029791271347,1.5818568356475426
2050s,ssp585,BTES,0.23273684210526316,186189.47368421053,0.23273684210526316,0.23273684210526316,0.23273684210526316
2060s,ssp126,Geothermal,0.035602550898886594,10680.765269665979,0.5809365328037414,0.16450862414185527,0.2606096493751982
2060s,ssp126,Boiler,0.9598466299476893,95984.66299476894,0.8638619669529204,0.8638619669529204,0.8638619669529204
2060s,ssp126,HeatPump,0.1648175302068401,82408.76510342004,2.46525820806881,0.43088940890522437,1.138216275697502
2060s,ssp126,BTES,0.1396421052631579,111713.68421052632,0.1396421052631579,0.1396421052631579,0.1396421052631579
2060s,ssp245,Geothermal,0.044867778552856875,13460.333565857063,0.7321197793138436,0.22582298082410962,0.3400935735387033
2060s,ssp245,Boiler,0.0,0.0,0.0,0.0,0.0
2060s,ssp245,HeatPump,0.36601903970635563,183009.51985317783,5.4747297864078135,1.0565570191758904,2.545564756259294
2060s,ssp245,BTES,0.18618947368421052,148951.57894736843,0.18618947368421052,0.18618947368421052,0.18618947368421052
2060s,ssp370,Geothermal,0.04357651038216073,13072.95311464822,0.7110498044085481,0.21932392879267512,0.34178980246730584
2060s,ssp370,Boiler,0.5455135147152156,54551.35147152156,0.490962163243694,0.490962163243694,0.49096216324369396
2060s,ssp370,HeatPump,0.19818832208226045,99094.16104113022,2.96440182754541,0.5720939079636309,1.504076730054125
2060s,ssp370,BTES,0.18618947368421052,148951.57894736843,0.18618947368421052,0.18618947368421052,0.18618947368421052
2060s,ssp585,Geothermal,0.05039709950691686,15119.129852075059,0.8223432173178643,0.24275422394197588,0.40723346910389163
2060s,ssp585,Boiler,0.39497208028196146,39497.208028196146,0.35547487225376534,0.35547487225376534,0.35547487225376534
2060s,ssp585,HeatPump,0.28166765443266323,140833.8272163316,4.21304394117656,0.7725909038042591,2.1603621860406648
2060s,ssp585,BTES,0.19235712443505898,153885.69954804718,0.19235712443505898,0.19235712443505898,0.19235712443505898
2070s,ssp126,Geothermal,0.035602550898886594,10680.765269665979,0.5809365328037414,0.17524465616204454,0.26047727632407447
2070s,ssp126,Boiler,0.5717912541413257,57179.12541413257,0.5146121287271932,0.5146121287271932,0.5146121287271932
2070s,ssp126,HeatPump,0.2263803395690658,113190.1697845329,3.3860839291043012,0.6367432151107624,1.5482634291352002
2070s,ssp126,BTES,0.1396421052631579,111713.68421052632,0.1396421052631579,0.1396421052631579,0.1396421052631579
2070s,ssp245,Geothermal,0.04616561430277964,13849.684290833893,0.753296919200538,0.23235508798699014,0.34975831927103607
2070s,ssp245,Boiler,0.5310344489437544,53103.44489437544,0.477931004049379,0.477931004049379,0.47793100404937894
2070s,ssp245,HeatPump,0.19818832208226045,99094.16104113022,2.96440182754541,0.5720939079636309,1.4545549251532037
2070s,ssp245,BTES,0.18618947368421052,148951.57894736843,0.18618947368421052,0.18618947368421052,0.18618947368421052
2070s,ssp370,Geothermal,0.06730166782928533,20190.500348785597,1.0981796689707657,0.3387344712361645,0.5326746386063127
2070s,ssp370,Boiler,0.34382895955456133,34382.89595545613,0.3094460635991052,0.3094460635991052,0.3094460635991052
2070s,ssp370,HeatPump,0.21970331464262907,109851.65732131453,3.2862123287671237,0.6341994651647304,1.6896406281093888
2070s,ssp370,BTES,0.2792842105263158,223427.36842105264,0.2792842105263158,0.2792842105263158,0.2792842105263158
2070s,ssp585,Geothermal,0.033060323494825725,9918.097048447717,0.5394543149169335,0.1831447463546217,0.2825705291798662
2070s,ssp585,Boiler,0.0,0.0,0.0,0.0,0.0
2070s,ssp585,HeatPump,0.31706027335872744,158530.13667936373,4.742429038763165,1.0245802733587277,2.432436634073352
2070s,ssp585,BTES,0.41892631578947365,335141.05263157893,0.41892631578947365,0.41892631578947365,0.41892631578947365
2080s,ssp126,Geothermal,0.044867778552856875,13460.333565857063,0.7321197793138436,0.2310572522370674,0.33330927522106085
2080s,ssp126,Boiler,0.4660826364322563,46608.263643225626,0.41947437278903066,0.41947437278903066,0.4194743727890307
2080s,ssp126,HeatPump,0.19818832208226045,99094.16104113022,2.96440182754541,0.5876283749739021,1.376662403155074
2080s,ssp126,BTES,0.18618947368421052,148951.57894736843,0.18618947368421052,0.18618947368421052,0.18618947368421052
2080s,ssp245,Geothermal,0.046521200245914315,13956.360073774295,0.7590991120126509,0.23957193884534136,0.364738295477984
2080s,ssp245,Boiler,0.42153059574496854,42153.05957449685,0.3793775361704717,0.3793775361704717,0.3793775361704717
2080s,ssp245,HeatPump,0.20883997469955726,104419.98734977863,3.123723921568627,0.6192105249841872,1.5428680460068007
2080s,ssp245,BTES,0.23273684210526316,186189.47368421053,0.23273684210526316,0.23273684210526316,0.23273684210526316
2080s,ssp370,Geothermal,0.06329350860917884,18988.052582753655,1.0327774418419555,0.3185610975614286,0.5109077515294004
2080s,ssp370,Boiler,0.4242450113065219,42424.50113065219,0.38182051017586977,0.38182051017586977,0.38182051017586977
2080s,ssp370,HeatPump,0.20161949500159823,100809.74750079912,3.015723596486405,0.5819983922627018,1.5550343274769987
2080s,ssp370,BTES,0.2552675889522497,204214.07116179977,0.2552675889522497,0.2552675889522497,0.2552675889522497
2080s,ssp585,Geothermal,0.06493461079405477,19480.383238216433,1.059555753765899,0.3597191910531222,0.5583911743718823
2080s,ssp585,Boiler,0.0,0.0,0.0,0.0,0.0
2080s,ssp585,HeatPump,0.23078471575023302,115392.3578751165,3.45196238583411,0.7457808089468779,1.8589955922015111
2080s,ssp585,BTES,0.3258315789473684,260665.26315789475,0.3258315789473684,0.3258315789473684,0.3258315789473684
2090s,ssp126,Geothermal,0.04616561430277964,13849.684290833893,0.753296919200538,0.23235508798699014,0.33547556429949893
2090s,ssp126,Boiler,0.6787300479737218,67873.00479737218,0.6108570431763497,0.6108570431763497,0.6108570431763497
2090s,ssp126,HeatPump,0.15213925865246777,76069.62932623389,2.275622961294286,0.4391678688366603,1.0528538265257281
2090s,ssp126,BTES,0.18618947368421052,148951.57894736843,0.18618947368421052,0.18618947368421052,0.18618947368421052
2090s,ssp245,Geothermal,0.05286470008069578,15859.410024208733,0.8626077288621895,0.2856015421859589,0.40728286990011175
2090s,ssp245,Boiler,0.23222325636476096,23222.325636476096,0.20900093072828488,0.20900093072828488,0.20900093072828488
2090s,ssp245,HeatPump,0.20883997469955726,104419.98734977863,3.123723921568627,0.6551175270857562,1.504503588102139
2090s,ssp245,BTES,0.23273684210526316,186189.47368421053,0.23273684210526316,0.23273684210526316,0.23273684210526316
2090s,ssp370,Geothermal,0.06344767934155225,19034.303802465674,1.0352930877286557,0.36070005705672453,0.5397668996728536
2090s,ssp370,Boiler,0.08167267947464098,8167.267947464098,0.07350541152717688,0.07350541152717688,0.07350541152717688
2090s,ssp370,HeatPump,0.1881645342342269,94082.26711711346,2.8144710208084485,0.6270745314160986,1.506614250843539
2090s,ssp370,BTES,0.29725237771517227,237801.9021721378,0.29725237771517227,0.29725237771517227,0.29725237771517227
2090s,ssp585,Geothermal,0.04103109230017907,12309.32769005372,0.6695155233599218,0.23958427804004553,0.3802586902151094
2090s,ssp585,Boiler,0.0,0.0,0.0,0.0,0.0
2090s,ssp585,HeatPump,0.34542131360134265,172710.65680067134,5.166639298192082,1.1885577306757626,2.961830672370665
2090s,ssp585,BTES,0.5120210526315789,409616.84210526315,0.5120210526315789,0.5120210526315789,0.5120210526315789
