,index,td,th,solar_gains,temperature
0,0,12,0,0.0030544010847199524,19.163522070148368
1,1,12,1,0.009484125333386976,18.810757953024282
2,2,12,2,0.015453804428826715,18.488589622705724
3,3,12,3,0.025940787958240865,18.194107438830322
4,4,12,4,1.0886344849325114,17.955124938270238
5,5,12,5,8.71089756096178,17.95410992181473
6,6,12,6,22.28010220474574,18.28107522019163
7,7,12,7,37.93602702206576,18.8762925403894
8,8,12,8,51.06188759485393,19.626482135425267
9,9,12,9,59.73664198697668,20.4580991975707
10,10,12,10,63.6626618844329,21.284782861886786
11,11,12,11,65.81145009005613,22.046129871371456
12,12,12,12,69.44443736861619,22.662646026977352
13,13,12,13,73.26555441333869,23.04105499489116
14,14,12,14,73.2063584178692,23.13577093899687
15,15,12,15,66.11722992037491,22.92752101408357
16,16,12,16,52.03855514216425,22.447632480431178
17,17,12,17,33.30032802893821,21.717825454344712
18,18,12,18,14.758911569840036,20.801667897893946
19,19,12,19,3.03405909903248,19.871162917847304
20,20,12,20,0.0,19.110854161766127
21,21,12,21,0.0,18.521986079036633
22,22,12,22,0.00028499658814749125,18.035242314161742
23,23,12,23,0.0013177892587738172,17.610639637258174
24,24,4,0,0.0015030070296550109,8.4493283912489
25,25,4,1,0.00113449941546885,8.37219190831873
26,26,4,2,0.0009590051612507515,8.286958475879942
27,27,4,3,0.0005557676818198888,8.196805870701217
28,28,4,4,0.0028968828283032393,8.108073837175231
29,29,4,5,0.17037600137103714,8.020712710668935
30,30,4,6,1.1738160158471405,7.952807762057729
31,31,4,7,3.6610328436638557,7.934488320711097
32,32,4,8,8.7069923719741,7.997548220629315
33,33,4,9,16.764939896762144,8.18303728651124
34,34,4,10,24.154276726475775,8.44728756177722
35,35,4,11,28.859667391383294,8.712779106440989
36,36,4,12,30.245184721030206,8.912212399951226
37,37,4,13,28.08271202807821,8.997031020233514
38,38,4,14,22.627756919744595,8.947837875061193
39,39,4,15,15.218974993636552,8.777264328239065
40,40,4,16,7.233663072183109,8.511417742897589
41,41,4,17,2.6340925280910494,8.23942624340649
42,42,4,18,0.6844866975258226,8.006257329001153
43,43,4,19,0.05475212231753235,7.820371239213505
44,44,4,20,0.0012866067751923893,7.672138808868062
45,45,4,21,0.0018525906982230322,7.544524730469945
46,46,4,22,0.0017647521524376865,7.4323244147181615
47,47,4,23,0.0016026203947721006,7.331581080611715
48,48,6,0,0.004735017167439862,10.416358126347209
49,49,6,1,0.005035539529316762,10.32437688054221
50,50,6,2,0.004658720129370793,10.231879502634838
51,51,6,3,0.003919301851188912,10.140812564334805
52,52,6,4,0.04075565014321567,10.05598878229537
53,53,6,5,0.8133869343910459,9.993689875211862
54,54,6,6,3.2372340840344305,9.987555411572286
55,55,6,7,7.728113192537562,10.073865107740774
56,56,6,8,14.827268261509326,10.27817822769855
57,57,6,9,23.42565073601442,10.599889670627196
58,58,6,10,30.629125387940185,10.980935309689238
59,59,6,11,35.5797200170208,11.359026986145757
60,60,6,12,37.70757640155546,11.667964235693368
61,61,6,13,36.61273015437708,11.851829123502679
62,62,6,14,31.873799843065044,11.881413767164648
63,63,6,15,24.291959683218433,11.761139957474537
64,64,6,16,14.66418752458029,11.505577209118012
65,65,6,17,6.748049377915872,11.17430841956931
66,66,6,18,2.391701702189634,10.849549941233642
67,67,6,19,0.37605099095867656,10.57036765050741
68,68,6,20,0.0011684065677608592,10.348095994710853
69,69,6,21,0.002540428032183553,10.164443426913193
70,70,6,22,0.0031239263543424204,10.003031860397828
71,71,6,23,0.004257379340970675,9.855812181067106
72,72,9,0,0.0,12.14144848725506
73,73,9,1,0.0,11.772720102143948
74,74,9,2,0.0,11.448497458502466
75,75,9,3,0.0,11.163604950052635
76,76,9,4,0.880012287180576,10.94405093539974
77,77,9,5,8.476244931691285,11.007133772578221
78,78,9,6,24.619558157808182,11.570101667927132
79,79,9,7,46.30069318827826,12.632822628084078
80,80,9,8,66.64392798070442,13.993240996593048
81,81,9,9,80.6178463884266,15.43925367585498
82,82,9,10,87.711451853335,16.841940090349958
83,83,9,11,91.99979635072341,18.09827457730994
84,84,9,12,96.4960952773168,19.0855347880293
85,85,9,13,99.85257888598039,19.719927146894598
86,86,9,14,96.58470894838689,19.969768848831116
87,87,9,15,84.17457983789572,19.84958983528482
88,88,9,16,63.08687378346209,19.377024738896964
89,89,9,17,37.58438247166119,18.561854179851963
90,90,9,18,15.696885387162496,17.50732791559284
91,91,9,19,3.471758389930254,16.446436355957005
92,92,9,20,0.0,15.578905505141062
93,93,9,21,0.0,14.91536954314328
94,94,9,22,0.0,14.375314219249946
95,95,9,23,0.0,13.903494287106717
96,96,15,0,0.0,34.25612640380859
97,97,15,1,0.0015740544824312027,33.2942008972168
98,98,15,2,0.012116798854159895,32.14768981933594
99,99,15,3,0.028258239362048004,31.192520141601562
100,100,15,4,2.5215055721829356,30.525156021118168
101,101,15,5,21.35625412788228,30.73745536804199
102,102,15,6,50.71282144995865,32.4416389465332
103,103,15,7,78.9169548482102,36.00837326049805
104,104,15,8,98.4267183831865,40.67373275756836
105,105,15,9,106.63159776845187,45.34846878051758
106,106,15,10,105.82585907784437,48.44265747070311
107,107,15,11,103.67299219017244,50.36121368408204
108,108,15,12,106.51932133035989,51.595722198486335
109,109,15,13,112.90047580047046,52.32281112670899
110,110,15,14,114.7850330986935,52.17754364013672
111,111,15,15,106.1404498810652,51.87179183959961
112,112,15,16,86.24422621026675,51.11783599853517
113,113,15,17,58.000348076253104,49.81372833251953
114,114,15,18,27.661922415511196,47.57978820800782
115,115,15,19,5.6908703269107255,44.18780136108398
116,116,15,20,0.0,41.08981323242188
117,117,15,21,0.0,38.9984016418457
118,118,15,22,0.0,41.513175964355476
119,119,15,23,0.0,40.28959274291992
120,120,2,0,5.941114722096916e-05,3.1848503794419822
121,121,2,1,0.0,3.0614643435040843
122,122,2,2,0.0,2.9504311448927147
123,123,2,3,0.0,2.846334716384017
124,124,2,4,0.0,2.750528122651202
125,125,2,5,0.009556805442760172,2.665303802707535
126,126,2,6,0.8008261620810077,2.6183312201865734
127,127,2,7,4.84882902060441,2.709945610641118
128,128,2,8,12.946127658340416,2.995764658342312
129,129,2,9,24.25188975464992,3.4724134758354634
130,130,2,10,33.5162948567574,4.016527414933562
131,131,2,11,38.634174423891594,4.50979253238657
132,132,2,12,39.30987006411136,4.882523900196516
133,133,2,13,35.27223342062584,5.0815238065459605
134,134,2,14,26.791481005062316,5.083694378245726
135,135,2,15,15.860052745824436,4.8944741342861775
136,136,2,16,5.796581819991353,4.563479898729241
137,137,2,17,1.2816950261947975,4.238171621848704
138,138,2,18,0.08428525655329591,3.987935510985527
139,139,2,19,0.001543647355047423,3.8073308573498594
140,140,2,20,0.0011895365347747789,3.665632962932823
141,141,2,21,0.0009546093868740267,3.543143483060156
142,142,2,22,0.0007235319649159666,3.439346007938293
143,143,2,23,0.0002576518926788984,3.3515650709514633
144,144,0,0,0.0,-17.15711784362793
145,145,0,1,0.0,-17.3564510345459
146,146,0,2,0.0,-17.941480636596676
147,147,0,3,0.0,-18.288393020629883
148,148,0,4,0.0,-17.942977905273438
149,149,0,5,0.0,-17.10006332397461
150,150,0,6,0.026884389032223656,-16.259765625
151,151,0,7,1.6860178160581918,-15.623208045959473
152,152,0,8,10.317506548176063,-14.765816688537598
153,153,0,9,26.075946245890204,-13.88193130493164
154,154,0,10,39.078881259999214,-13.060740470886232
155,155,0,11,46.3447814297861,-12.031457901000977
156,156,0,12,47.102235896289415,-11.163705825805664
157,157,0,13,40.892706377216534,-10.945428848266603
158,158,0,14,28.456702085417035,-11.24450969696045
159,159,0,15,12.602331408627018,-11.748833656311035
160,160,0,16,1.4861161555192446,-13.161934852600098
161,161,0,17,0.04023249703654872,-14.117782592773438
162,162,0,18,0.00011746135023297635,-14.837119102478027
163,163,0,19,0.0,-15.697352409362793
164,164,0,20,0.0,-16.232290267944336
165,165,0,21,0.0,-15.721708297729492
166,166,0,22,0.0,-15.526873588562012
167,167,0,23,0.0,-15.565133094787598
168,168,13,0,0.0,17.94162910603997
169,169,13,1,0.0,17.44432798548131
170,170,13,2,0.0003361859580084277,17.00110765937312
171,171,13,3,0.0030324064900882327,16.607845595313353
172,172,13,4,1.786533260318694,16.31994983373265
173,173,13,5,15.21882557920493,16.543142080804916
174,174,13,6,38.7299341494367,17.510168632118123
175,175,13,7,64.44917963686048,19.013679642387316
176,176,13,8,84.83834510998838,20.75498390908697
177,177,13,9,96.09602550016062,22.528675271625307
178,178,13,10,99.17011762954847,24.14575075769789
179,179,13,11,99.65001843472477,25.460226880758015
180,180,13,12,103.2958040203478,26.411822660375872
181,181,13,13,108.84390242718271,26.99524342588757
182,182,13,14,109.25961021149938,27.205853081279976
183,183,13,15,99.46108005476316,27.049613621448
184,184,13,16,78.88665569965889,26.51464862290419
185,185,13,17,51.130620178062095,25.59282490668884
186,186,13,18,23.175718769889894,24.310991823068537
187,187,13,19,4.831039796401713,22.9017558314153
188,188,13,20,0.0,21.72280390618322
189,189,13,21,0.0,20.82802809859113
190,190,13,22,0.0,20.107331133117132
191,191,13,23,0.0,19.479911221546022
192,192,7,0,0.0,9.164331873716112
193,193,7,1,0.0,8.856730009384611
194,194,7,2,0.0,8.588501713059939
195,195,7,3,0.0,8.355580319042712
196,196,7,4,0.20895085423452595,8.16175001096192
197,197,7,5,4.518645870082858,8.136147817274509
198,198,7,6,17.309595156090307,8.534243528254288
199,199,7,7,36.78739887802586,9.42141475301951
200,200,7,8,57.26273298884084,10.647793036614427
201,201,7,9,73.18177552781368,11.999547565365397
202,202,7,10,82.78615772976825,13.316072476037688
203,203,7,11,88.73125633913232,14.501965774014865
204,204,7,12,92.76290908790097,15.4440413304308
205,205,7,13,93.12295850464947,16.04057783049845
206,206,7,14,86.47895882826806,16.25114698197554
207,207,7,15,71.9892076632281,16.104669689413157
208,208,7,16,50.80220188663616,15.620316742444915
209,209,7,17,27.4543093405843,14.834405138236061
210,210,7,18,10.092293043863947,13.894617105501473
211,211,7,19,1.5701015682514572,13.012732455579753
212,212,7,20,0.0,12.330825167774723
213,213,7,21,0.0,11.811372647865579
214,214,7,22,0.0,11.37978176626173
215,215,7,23,0.0,11.00262350215483
216,216,3,0,0.00020483977585045098,5.569147655007377
217,217,3,1,7.750551185141897e-05,5.467546229972717
218,218,3,2,0.0,5.371157015683671
219,219,3,3,0.0,5.278433319894535
220,220,3,4,0.00012779053724312075,5.193831394491796
221,221,3,5,0.0733075212594511,5.120480323494556
222,222,3,6,1.2871356375267358,5.090038764891339
223,223,3,7,5.195812071104723,5.170375051459036
224,224,3,8,12.259443028082263,5.390590269040065
225,225,3,9,22.13968316892461,5.763477044845863
226,226,3,10,30.38461308427947,6.20813111096707
227,227,3,11,35.32392992331943,6.6329708076729155
228,228,3,12,36.3582147110524,6.962555553692926
229,229,3,13,33.213648217886394,7.141468293413619
230,230,3,14,26.048244250926626,7.1478663418766955
231,231,3,15,16.689451678189293,6.992772621865853
232,232,3,16,7.418258635225129,6.717579021642946
233,233,3,17,2.356523751314964,6.432630705747162
234,234,3,18,0.3755645080890406,6.194015771620499
235,235,3,19,0.009755721305338694,6.015989349959856
236,236,3,20,0.0012750385362460931,5.8806509695133355
237,237,3,21,0.0011373469904674162,5.766001770751476
238,238,3,22,0.0007517196504153057,5.668466086145963
239,239,3,23,0.0008723267303428585,5.582433581035985
240,240,10,0,0.008557747970311728,16.25744968146693
241,241,10,1,0.014708689003734034,16.015184007636886
242,242,10,2,0.02163357769701077,15.7961465523724
243,243,10,3,0.028164745382304488,15.591082169196081
244,244,10,4,0.6982259111036175,15.417848491216601
245,245,10,5,5.091785810454022,15.36938846881237
246,246,10,6,13.277960018354682,15.503522664149518
247,247,10,7,24.106640656333045,15.829156174639364
248,248,10,8,34.66087391083057,16.292396317827695
249,249,10,9,42.51502919783018,16.830372321956062
250,250,10,10,47.18571784141954,17.390469090640373
251,251,10,11,50.68091512151018,17.940734694188826
252,252,10,12,54.518098091997736,18.42828700984283
253,253,10,13,57.57674245441963,18.771954210782084
254,254,10,14,57.0082235444235,18.911685911759665
255,255,10,15,50.6127147972867,18.821648442658017
256,256,10,16,38.67974770670303,18.508178037844754
257,257,10,17,23.44185207095726,17.98972878743266
258,258,10,18,9.990589642618648,17.342474110296514
259,259,10,19,2.3000801945842,16.69847000505191
260,260,10,20,0.0,16.16606384573581
261,261,10,21,0.0,15.747124359319285
262,262,10,22,0.0004973131716088233,15.397115363277033
263,263,10,23,0.0026629819296169806,15.090922878338722
264,264,14,0,1.9994673509186995e-05,20.903968813073597
265,265,14,1,0.001835579290185495,20.354431357005613
266,266,14,2,0.007951958452602584,19.857700365334672
267,267,14,3,0.021032960871557038,19.40832176822276
268,268,14,4,2.1172038148132835,19.07600730147485
269,269,14,5,17.864373868743403,19.344302905834063
270,270,14,6,43.921074912662135,20.445477389659988
271,271,14,7,70.74549446344466,22.129285531367366
272,272,14,8,90.6999700940797,24.077352091065276
273,273,14,9,100.37332035260081,26.030537429443275
274,274,14,10,101.58367301649864,27.732136700325384
275,275,14,11,100.5578624335906,29.026539513801726
276,276,14,12,103.77098346924282,29.916828409755112
277,277,14,13,109.31329848835766,30.405783058015857
278,278,14,14,110.19216020989678,30.510606886344515
279,279,14,15,100.98135155287349,30.23779892881882
280,280,14,16,81.21750426516357,29.58983937776835
281,281,14,17,53.705713114292344,28.535212432105762
282,282,14,18,24.902884395447717,27.101292270030736
283,283,14,19,5.132661321585404,25.535371365773823
284,284,14,20,0.0,24.23459088242974
285,285,14,21,0.0,23.248923802823203
286,286,14,22,0.0,22.459187099829855
287,287,14,23,0.0,21.774552959246307
288,288,11,0,0.0,14.887077986116376
289,289,11,1,0.0,14.451487590174638
290,290,11,2,0.0,14.067762304742157
291,291,11,3,0.0,13.730149577162138
292,292,11,4,1.4711384158019705,13.485220818616993
293,293,11,5,12.330565358994976,13.651371549899912
294,294,11,6,32.67382042387361,14.45290315687389
295,295,11,7,56.74774016100418,15.76228895524967
296,296,11,8,77.12652061597208,17.30658231515443
297,297,11,9,89.53814533304575,18.903605927380738
298,298,11,10,94.45485422562297,20.420474397063145
299,299,11,11,96.38209645310332,21.715761956291182
300,300,11,12,100.36672378078524,22.690619450621394
301,301,11,13,104.9946789492587,23.307683675955758
302,302,11,14,104.3089588013,23.559556385787953
303,303,11,15,93.72228736068853,23.45401270528046
304,304,11,16,73.1094330839876,22.985090635975425
305,305,11,17,45.96180661174146,22.142686602030903
306,306,11,18,20.30648202404483,20.982939106624276
307,307,11,19,4.476645223264292,19.742842025546096
308,308,11,20,0.0,18.702915392149826
309,309,11,21,0.0,17.90870376564563
310,310,11,22,0.0,17.2668809403151
311,311,11,23,0.0,16.71084109899396
312,312,8,0,0.008488837575083735,13.363665448880267
313,313,8,1,0.011866357544711633,13.203214809461892
314,314,8,2,0.01554816885178705,13.049956725495571
315,315,8,3,0.017221167343884687,12.90425463843079
316,316,8,4,0.2937262796594937,12.772880592806299
317,317,8,5,2.452048216984369,12.701988776168392
318,318,8,6,6.885634564807118,12.729930565103903
319,319,8,7,14.040931901717784,12.89445139655818
320,320,8,8,22.821039195579655,13.191347993926465
321,321,8,9,30.953910266039745,13.580425301299588
322,322,8,10,37.129519068456034,14.00946442823706
323,323,8,11,41.479378289548926,14.433698763387829
324,324,8,12,44.61395634151134,14.801932047893693
325,325,8,13,45.69553130471786,15.048043490340458
326,326,8,14,42.92968638338751,15.127451822170103
327,327,8,15,35.951048872628725,15.029172174356807
328,328,8,16,25.219555694155904,14.762778540252304
329,329,8,17,13.614207690586836,14.355387282912925
330,330,8,18,5.4846971427722115,13.89712846043486
331,331,8,19,1.320689188302329,13.474590649944215
332,332,8,20,0.00098167439939103,13.125359780089394
333,333,8,21,0.002576726954440054,12.844328415661218
334,334,8,22,0.003672633145443463,12.607682075311654
335,335,8,23,0.0053994422710601404,12.397331423277182
336,336,5,0,0.0,5.921892429299931
337,337,5,1,0.0,5.7148677736979
338,338,5,2,0.0,5.546197622414527
339,339,5,3,0.0,5.408758056871697
340,340,5,4,0.006034389126697776,5.300395007558831
341,341,5,5,1.0530567791166463,5.2531615990538745
342,342,5,6,8.386832804531208,5.474593817661936
343,343,5,7,22.71650845544253,6.117442612616751
344,344,5,8,40.09958537418129,7.085088744271184
345,345,5,9,55.335875248049994,8.188006190135507
346,346,5,10,65.50978253256142,9.27271528135906
347,347,5,11,71.17821893099645,10.250311011055125
348,348,5,12,73.35319626092829,11.033428225792267
349,349,5,13,70.79092760611617,11.534190223400225
350,350,5,14,61.57523013818109,11.710538998877123
351,351,5,15,47.03847090545855,11.587687861729687
352,352,5,16,29.216603149720264,11.196212823497277
353,353,5,17,12.866198231064098,10.602497446648075
354,354,5,18,3.3027650162707265,9.967512567516536
355,355,5,19,0.19637221163757354,9.442182842015752
356,356,5,20,0.0,9.055295310164727
357,357,5,21,0.0,8.751887969351746
358,358,5,22,0.0,8.489623502042521
359,359,5,23,0.0,8.255157831230216
360,360,1,0,9.719010767090016e-05,0.2656956552607242
361,361,1,1,0.0,0.11855916290790317
362,362,1,2,0.0,-0.01214277387674732
363,363,1,3,0.0,-0.13249699302310441
364,364,1,4,0.0,-0.2429471348703169
365,365,1,5,0.0002323342906384987,-0.3435061199611239
366,366,1,6,0.27447347422832497,-0.42147075562552
367,367,1,7,3.3731809718339125,-0.385846503140391
368,368,1,8,11.555184419653141,-0.12169909825646114
369,369,1,9,24.10028570271834,0.3988167598673097
370,370,1,10,34.367917697628044,1.010975581021372
371,371,1,11,40.23226820802669,1.5663761893725672
372,372,1,12,40.94277338651782,1.9865265942069366
373,373,1,13,36.19675349563015,2.2166312980865013
374,374,1,14,26.500239706723246,2.231360219453051
375,375,1,15,13.869114340258319,2.0161093909520287
376,376,1,16,3.477326713838801,1.6412244884032063
377,377,1,17,0.40715456448680876,1.3065687693805899
378,378,1,18,0.006955483184925195,1.076120124393089
379,379,1,19,0.0005962597906471172,0.9072471897026791
380,380,1,20,0.0006797677456874002,0.7664247080963489
381,381,1,21,0.0004527582307769185,0.6434496408599395
382,382,1,22,0.0002623774817103751,0.5371516294892684
383,383,1,23,0.0002326946793529483,0.44847959158129763
