SSP,Decade,Technology,NewCapacity,CumulativeCapacity,InvestmentCost
past,2020s,GSHP,449.78769827626854,0.0,490757.97905040084
past,2020s,NG_boiler,1920.47030707183,0.0,251581.61035467638
past,2020s,ASHP,2050.909501064289,2000.0,2.347142869398015e6
past,2020s,E_boiler,0.0,0.0,0.0
past,2020s,BTES,800.0,0.0,1.018400000845538e6
ssp126,2030s,GSHP,0.0,449.78769827626854,0.0
ssp126,2030s,NG_boiler,0.0,1920.47030707183,0.0
ssp126,2030s,ASHP,0.0,2050.909501064289,0.0
ssp126,2030s,E_boiler,0.0,0.0,0.0
ssp126,2030s,BTES,0.0,800.0,0.0
ssp245,2030s,GSHP,0.0,449.78769827626854,0.0
ssp245,2030s,NG_boiler,132.72466043385953,1920.47030707183,17386.93051023808
ssp245,2030s,ASHP,0.0,2050.909501064289,0.0
ssp245,2030s,E_boiler,0.0,0.0,0.0
ssp245,2030s,BTES,0.0,800.0,0.0
ssp370,2030s,GSHP,0.0,449.78769827626854,0.0
ssp370,2030s,NG_boiler,77.22703062712276,1920.47030707183,10116.741008314255
ssp370,2030s,ASHP,0.0,2050.909501064289,0.0
ssp370,2030s,E_boiler,0.0,0.0,0.0
ssp370,2030s,BTES,0.0,800.0,0.0
ssp585,2030s,GSHP,0.0,449.78769827626854,0.0
ssp585,2030s,NG_boiler,0.0,1920.47030707183,0.0
ssp585,2030s,ASHP,0.0,2050.909501064289,0.0
ssp585,2030s,E_boiler,0.0,0.0,0.0
ssp585,2030s,BTES,0.0,800.0,0.0
ssp126,2040s,GSHP,449.78769827626854,449.78769827626854,434239.4479932565
ssp126,2040s,NG_boiler,1181.61752559718,1920.47030707183,154791.89565806385
ssp126,2040s,ASHP,2050.90950106429,2050.909501064289,2.102293098563928e6
ssp126,2040s,E_boiler,0.0,0.0,0.0
ssp126,2040s,BTES,0.0,800.0,0.0
ssp245,2040s,GSHP,449.78769827626854,449.78769827626854,434239.4479932565
ssp245,2040s,NG_boiler,1644.2909569512647,2053.1949675056894,215402.11508902957
ssp245,2040s,ASHP,2050.909501064289,2050.909501064289,2.102293098563927e6
ssp245,2040s,E_boiler,0.0,0.0,0.0
ssp245,2040s,BTES,0.0,800.0,0.0
ssp370,2040s,GSHP,449.78769827626854,449.78769827626854,434239.4479932565
ssp370,2040s,NG_boiler,1351.7299337813674,1997.6973376989527,177076.6211020951
ssp370,2040s,ASHP,2050.9095010642895,2050.909501064289,2.1022930985639277e6
ssp370,2040s,E_boiler,0.0,0.0,0.0
ssp370,2040s,BTES,0.0,800.0,0.0
ssp585,2040s,GSHP,449.78769827626854,449.78769827626854,434239.4479932565
ssp585,2040s,NG_boiler,1266.6540692725202,1920.47030707183,165931.682865488
ssp585,2040s,ASHP,2050.90950106429,2050.909501064289,2.102293098563928e6
ssp585,2040s,E_boiler,0.0,0.0,0.0
ssp585,2040s,BTES,0.0,800.0,0.0
ssp126,2050s,GSHP,0.0,449.78769827626854,0.0
ssp126,2050s,NG_boiler,0.0,1181.61752559718,0.0
ssp126,2050s,ASHP,0.0,2050.90950106429,0.0
ssp126,2050s,E_boiler,0.0,0.0,0.0
ssp126,2050s,BTES,0.0,800.0,0.0
ssp245,2050s,GSHP,0.0,449.78769827626854,0.0
ssp245,2050s,NG_boiler,222.2564408237888,1777.0156173851242,29115.59368577187
ssp245,2050s,ASHP,0.0,2050.909501064289,0.0
ssp245,2050s,E_boiler,0.0,0.0,0.0
ssp245,2050s,BTES,0.0,800.0,0.0
ssp370,2050s,GSHP,0.0,449.78769827626854,0.0
ssp370,2050s,NG_boiler,20.57506677014476,1428.9569644084902,2695.33374113603
ssp370,2050s,ASHP,0.0,2050.9095010642895,0.0
ssp370,2050s,E_boiler,0.0,0.0,0.0
ssp370,2050s,BTES,0.0,800.0,0.0
ssp585,2050s,GSHP,0.0,449.78769827626854,0.0
ssp585,2050s,NG_boiler,179.58449093467857,1266.6540692725202,23525.568262229805
ssp585,2050s,ASHP,0.0,2050.90950106429,0.0
ssp585,2050s,E_boiler,0.0,0.0,0.0
ssp585,2050s,BTES,0.0,800.0,0.0
ssp126,2060s,GSHP,449.78769827626854,449.78769827626854,399128.7523732675
ssp126,2060s,NG_boiler,968.7152400268787,1181.61752559718,126901.69606278159
ssp126,2060s,ASHP,2050.90950106429,2050.90950106429,1.977369746097557e6
ssp126,2060s,E_boiler,0.0,0.0,0.0
ssp126,2060s,BTES,0.0,800.0,0.0
ssp245,2060s,GSHP,449.78769827626854,449.78769827626854,399128.7523732675
ssp245,2060s,NG_boiler,1044.3976284487314,1866.5473977750535,136816.0889162984
ssp245,2060s,ASHP,2050.90950106429,2050.909501064289,1.977369746097557e6
ssp245,2060s,E_boiler,0.0,0.0,0.0
ssp245,2060s,BTES,0.0,800.0,0.0
ssp370,2060s,GSHP,449.78769827626854,449.78769827626854,399128.7523732675
ssp370,2060s,NG_boiler,1046.5609518971055,1372.3050005515122,137099.48428718516
ssp370,2060s,ASHP,2050.90950106429,2050.9095010642895,1.977369746097557e6
ssp370,2060s,E_boiler,0.0,0.0,0.0
ssp370,2060s,BTES,0.0,800.0,0.0
ssp585,2060s,GSHP,449.78769827626854,449.78769827626854,399128.7523732675
ssp585,2060s,NG_boiler,839.1701236645126,1446.2385602071988,109931.28587022747
ssp585,2060s,ASHP,2050.90950106429,2050.90950106429,1.977369746097557e6
ssp585,2060s,E_boiler,0.0,0.0,0.0
ssp585,2060s,BTES,0.0,800.0,0.0
ssp126,2070s,GSHP,0.0,449.78769827626854,0.0
ssp126,2070s,NG_boiler,0.0,968.7152400268787,0.0
ssp126,2070s,ASHP,0.0,2050.90950106429,0.0
ssp126,2070s,E_boiler,0.0,0.0,0.0
ssp126,2070s,BTES,800.0,800.0,1.0183999956852986e6
ssp245,2070s,GSHP,0.0,449.78769827626854,0.0
ssp245,2070s,NG_boiler,0.0,1266.6540692725202,0.0
ssp245,2070s,ASHP,0.0,2050.90950106429,0.0
ssp245,2070s,E_boiler,0.0,0.0,0.0
ssp245,2070s,BTES,800.0,800.0,1.0183999956852986e6
ssp370,2070s,GSHP,0.0,449.78769827626854,0.0
ssp370,2070s,NG_boiler,0.0,1067.1360186672503,0.0
ssp370,2070s,ASHP,0.0,2050.90950106429,0.0
ssp370,2070s,E_boiler,0.0,0.0,0.0
ssp370,2070s,BTES,800.0,800.0,1.0183999956852986e6
ssp585,2070s,GSHP,0.0,449.78769827626854,0.0
ssp585,2070s,NG_boiler,94.2264078936796,1018.7546145991912,12343.659386443598
ssp585,2070s,ASHP,0.0,2050.90950106429,0.0
ssp585,2070s,E_boiler,0.0,0.0,0.0
ssp585,2070s,BTES,800.0,800.0,1.0183999956852986e6
ssp126,2080s,GSHP,449.78769827626854,449.78769827626854,375199.4999706258
ssp126,2080s,NG_boiler,1044.3976284487314,968.7152400268787,136816.08868247675
ssp126,2080s,ASHP,2050.90950106429,2050.90950106429,1.901596565093365e6
ssp126,2080s,E_boiler,0.0,0.0,0.0
ssp126,2080s,BTES,0.0,800.0,0.0
ssp245,2080s,GSHP,449.78769827626854,449.78769827626854,375199.4999706258
ssp245,2080s,NG_boiler,1018.7546145991912,1044.3976284487314,133456.85388400662
ssp245,2080s,ASHP,2050.90950106429,2050.90950106429,1.901596565093365e6
ssp245,2080s,E_boiler,0.0,0.0,0.0
ssp245,2080s,BTES,0.0,800.0,0.0
ssp370,2080s,GSHP,449.78769827626854,449.78769827626854,375199.4999706258
ssp370,2080s,NG_boiler,933.3965315581922,1046.5609518971055,122274.94505829463
ssp370,2080s,ASHP,2050.90950106429,2050.90950106429,1.901596565093365e6
ssp370,2080s,E_boiler,0.0,0.0,0.0
ssp370,2080s,BTES,0.0,800.0,0.0
ssp585,2080s,GSHP,449.78769827626854,449.78769827626854,375199.4999706258
ssp585,2080s,NG_boiler,839.1701236645126,933.3965315581922,109931.2856823525
ssp585,2080s,ASHP,2050.90950106429,2050.90950106429,1.901596565093365e6
ssp585,2080s,E_boiler,0.0,0.0,0.0
ssp585,2080s,BTES,0.0,800.0,0.0
ssp126,2090s,GSHP,0.0,449.78769827626854,0.0
ssp126,2090s,NG_boiler,0.0,1044.3976284487314,0.0
ssp126,2090s,ASHP,0.0,2050.90950106429,0.0
ssp126,2090s,E_boiler,0.0,0.0,0.0
ssp126,2090s,BTES,0.0,800.0,0.0
ssp245,2090s,GSHP,0.0,449.78769827626854,0.0
ssp245,2090s,NG_boiler,0.0,1018.7546145991912,0.0
ssp245,2090s,ASHP,0.0,2050.90950106429,0.0
ssp245,2090s,E_boiler,0.0,0.0,0.0
ssp245,2090s,BTES,0.0,800.0,0.0
ssp370,2090s,GSHP,0.0,449.78769827626854,0.0
ssp370,2090s,NG_boiler,0.0,933.3965315581922,0.0
ssp370,2090s,ASHP,0.0,2050.90950106429,0.0
ssp370,2090s,E_boiler,0.0,0.0,0.0
ssp370,2090s,BTES,0.0,800.0,0.0
ssp585,2090s,GSHP,0.0,449.78769827626854,0.0
ssp585,2090s,NG_boiler,0.0,933.3965315581922,0.0
ssp585,2090s,ASHP,0.0,2050.90950106429,0.0
ssp585,2090s,E_boiler,0.0,0.0,0.0
ssp585,2090s,BTES,0.0,800.0,0.0
